Test_ID,Possibility_ID,Total_Possibilities,m,Distinct_Seqs,Used_Sequence_Order,Full_Constructed_Seq,Soup_MFE,Vienna_MFE,MFE_Diff,Struct_Match,Soup_Time(s),Vienna_Time(s),Structure_Soup,Structure_Vienna,Struct_Match_Type,Base_Pair_Counts_Soup,Base_Pair_Counts_Vienna,Same Base_Pair_Counts,BP_(Vienna - Soup)
1,1,2,11,"CAGCAGCAG,CGGCGG,CAGCAGCAGCAG,CUGCUGCUGCUGCUGCUG,GAUGAUGAUGAUGAU",3 4 3 4 3 3 4 4 3 3 4,CAGCAGCAGCAG&CUGCUGCUGCUGCUGCUG&CAGCAGCAGCAG&CUGCUGCUGCUGCUGCUG&CAGCAGCAGCAG&CAGCAGCAGCAG&CUGCUGCUGCUGCUGCUG&CUGCUGCUGCUGCUGCUG&CAGCAGCAGCAG&CAGCAGCAGCAG&CUGCUGCUGCUGCUGCUG,-120.0,-120.0,0.0,False,4.809749126434326,0.013751745223999,.(((((((((((&)))))))))))(((((((&)))))))(((((&)))))(((((((((((((&))))))))))))&)(((((((((((&)))))))))))((.((..&..))..((((((((((((&))))))))))))&((((((((((((&))))))))))))..))..,((((((((((((&)))))))))))).(((((&)))))(((((((&)))))))(((((((((((&)))))))))))(&((((((((((((&))))))))))))).((..&..)).(((((((((((((&))))))))))).&((((((((((((&))))))))))))..))..,False,"{'GC': 51, 'AU': 24, 'GU': 0, 'Other': 0}","{'GC': 51, 'AU': 24, 'GU': 0, 'Other': 0}",True,0
1,2,2,11,"CAGCAGCAG,CGGCGG,CAGCAGCAGCAG,CUGCUGCUGCUGCUGCUG,GAUGAUGAUGAUGAU",4 3 3 4 3 4 3 4 3 3 4,CUGCUGCUGCUGCUGCUG&CAGCAGCAGCAG&CAGCAGCAGCAG&CUGCUGCUGCUGCUGCUG&CAGCAGCAGCAG&CUGCUGCUGCUGCUGCUG&CAGCAGCAGCAG&CUGCUGCUGCUGCUGCUG&CAGCAGCAGCAG&CAGCAGCAGCAG&CUGCUGCUGCUGCUGCUG,-120.0,-120.0,0.0,True,4.809749126434326,0.0116090774536132,..((((((((((((((((&))))))))))))&))))((((((((&))))))))((((((((((&))))))))))((&))((..((((((((((((&))))))))))))&..)).(((((((((((((&))))))))))).&((((((((((((&))))))))))))..))..,..((..((((((((((((&))))))))))))&.(((((((((((&))))))))))))).((..&((((((((((((&))))))))))))..))((&))((((((((((&))))))))))((((((((&))))))))((((&((((((((((((&))))))))))))))))..,Same with inverse,"{'GC': 51, 'AU': 24, 'GU': 0, 'Other': 0}","{'GC': 51, 'AU': 24, 'GU': 0, 'Other': 0}",True,0
2,1,3,5,"CAGCAGCAG,CGGCGG,CAGCAGCAGCAG",1 3 3 3 3,CAGCAGCAG&CAGCAGCAGCAG&CAGCAGCAGCAG&CAGCAGCAGCAG&CAGCAGCAGCAG,-2.2,-2.2,0.0,True,0.0747425556182861,0.0045609474182128,.....((..&..)).((.((..&..)).)).((..&..)).((.((..&..)).)).....,..((.((..&..)).)).((..&..)).((.((..&..)).)).((..&..))........,Same with inverse shift,"{'GC': 12, 'AU': 0, 'GU': 0, 'Other': 0}","{'GC': 12, 'AU': 0, 'GU': 0, 'Other': 0}",True,0
3,1,2,11,"CAGCAGCAG,CCGCCGCCGCCGCCGCCGCCGCCG,CGGCGGCGG,CCGCCGCCGCCGCCG,GAUGAUGAUGAUGAUGAUGAUGAU,CAGCAGCAGCAG,CGGCGGCGG,CUGCUG,CAGCAGCAGCAGCAGCAGCAG,CCGCCGCCGCCGCCG,CUGCUGCUGCUGCUGCUGCUGCUGCUG",9 11 9 11 9 11 9 11 9 9 11,CAGCAGCAGCAGCAGCAGCAG&CUGCUGCUGCUGCUGCUGCUGCUGCUG&CAGCAGCAGCAGCAGCAGCAG&CUGCUGCUGCUGCUGCUGCUGCUGCUG&CAGCAGCAGCAGCAGCAGCAG&CUGCUGCUGCUGCUGCUGCUGCUGCUG&CAGCAGCAGCAGCAGCAGCAG&CUGCUGCUGCUGCUGCUGCUGCUGCUG&CAGCAGCAGCAGCAGCAGCAG&CAGCAGCAGCAGCAGCAGCAG&CUGCUGCUGCUGCUGCUGCUGCUGCUG,-250.8,-250.8,0.0,False,109.46735525131226,0.0381546020507812,.((((((((((((((((((((&))))))))))))))))))))(((((((&)))))))((((((((((((((&))))))))))))))(((((((((((((&)))))))))))))((((((((&))))))))(((((((((((((((((((&)))))))))))))))))))((&))((..(((((((((((((((((((((&)))))))))))))))))))))&(((((((((((((((((((((&)))))))))))))))))))))..))..,(((((((((((((((((((((&)))))))))))))))))))))..((..&.((((((((((((((((((((&))))))))))))))))))))))(((((&)))))((((((((((((((((&))))))))))))))))(((((((((((&)))))))))))((((((((((&))))))))))(((((((((((((((((&)))))))))))))))))((((&(((((((((((((((((((((&)))))))))))))))))))))))))..,False,"{'GC': 85, 'AU': 42, 'GU': 0, 'Other': 0}","{'GC': 85, 'AU': 42, 'GU': 0, 'Other': 0}",True,0
3,2,2,11,"CAGCAGCAG,CCGCCGCCGCCGCCGCCGCCGCCG,CGGCGGCGG,CCGCCGCCGCCGCCG,GAUGAUGAUGAUGAUGAUGAUGAU,CAGCAGCAGCAG,CGGCGGCGG,CUGCUG,CAGCAGCAGCAGCAGCAGCAG,CCGCCGCCGCCGCCG,CUGCUGCUGCUGCUGCUGCUGCUGCUG",11 9 9 11 9 11 9 11 9 9 11,CUGCUGCUGCUGCUGCUGCUGCUGCUG&CAGCAGCAGCAGCAGCAGCAG&CAGCAGCAGCAGCAGCAGCAG&CUGCUGCUGCUGCUGCUGCUGCUGCUG&CAGCAGCAGCAGCAGCAGCAG&CUGCUGCUGCUGCUGCUGCUGCUGCUG&CAGCAGCAGCAGCAGCAGCAG&CUGCUGCUGCUGCUGCUGCUGCUGCUG&CAGCAGCAGCAGCAGCAGCAG&CAGCAGCAGCAGCAGCAGCAG&CUGCUGCUGCUGCUGCUGCUGCUGCUG,-250.8,-250.8,0.0,True,109.46735525131226,0.0281057357788085,..(((((((((((((((((((((((((&)))))))))))))))))))))&))))(((((((((((((((((&)))))))))))))))))((((((((((&))))))))))(((((((((((&)))))))))))((((((((((((((((&))))))))))))))))(((((&)))))((((((((((((((((((((((&)))))))))))))))))))).&(((((((((((((((((((((&)))))))))))))))))))))..))..,..((..(((((((((((((((((((((&)))))))))))))))))))))&.((((((((((((((((((((&))))))))))))))))))))))(((((&)))))((((((((((((((((&))))))))))))))))(((((((((((&)))))))))))((((((((((&))))))))))(((((((((((((((((&)))))))))))))))))((((&(((((((((((((((((((((&)))))))))))))))))))))))))..,Same with inverse,"{'GC': 85, 'AU': 42, 'GU': 0, 'Other': 0}","{'GC': 85, 'AU': 42, 'GU': 0, 'Other': 0}",True,0
4,1,1,11,"CCGCCGCCGCCGCCGCCGCCGCCGCCGCCG,CUGCUGCUGCUGCUGCUGCUGCUG",1 1 1 1 1 1 1 1 1 1 1,CCGCCGCCGCCGCCGCCGCCGCCGCCGCCG&CCGCCGCCGCCGCCGCCGCCGCCGCCGCCG&CCGCCGCCGCCGCCGCCGCCGCCGCCGCCG&CCGCCGCCGCCGCCGCCGCCGCCGCCGCCG&CCGCCGCCGCCGCCGCCGCCGCCGCCGCCG&CCGCCGCCGCCGCCGCCGCCGCCGCCGCCG&CCGCCGCCGCCGCCGCCGCCGCCGCCGCCG&CCGCCGCCGCCGCCGCCGCCGCCGCCGCCG&CCGCCGCCGCCGCCGCCGCCGCCGCCGCCG&CCGCCGCCGCCGCCGCCGCCGCCGCCGCCG&CCGCCGCCGCCGCCGCCGCCGCCGCCGCCG,-111.6,-111.6,0.0,False,4.070647954940796,0.0550355911254882,..((.((.((.((....)).)).)).))((&..((.((.((.((.((.((.((.((.((((&..((.((.((.((.((.((.((.((.((((&..((.((.((.((.((.((.((.((.((((&..((.((.((.((.((.((.((.((.((((&..((.((.((.((.((.((.((.((.((..&..)).)).)).)).)).)).)).)).))))&..)).)).)).)).)).)).)).)).))))&..)).)).)).)).)).)).)).)).))))&..)).)).)).)).)).)).)).)).))))&..)).)).)).)).)).)).)).)).)))),..((.((.((.((.((.((.((.((.((((&..((.((.((.((.((.((.((.((.((((&..((.((.((.((.((.((.((.((.((((&..((.((.((.((.((.((.((.((.((((&..((.((.((.((.((.((.((.((.((((&..((.((.((.((....)).)).)).))))&..)).)).)).)).)).)).)).)).))))&..)).)).)).)).)).)).)).)).))))&..)).)).)).)).)).)).)).)).))))&..)).)).)).)).)).)).)).)).))))&..)).)).)).)).)).)).)).)).))..,False,"{'GC': 108, 'AU': 0, 'GU': 0, 'Other': 0}","{'GC': 108, 'AU': 0, 'GU': 0, 'Other': 0}",True,0
5,1,1,11,"CAGCAGCAGCAGCAGCAGCAGCAGCAGCAGCAGCAG,CUGCUGCUGCUGCUGCUGCUGCUGCUGCUGCUGCUGCUG,CAGCAGCAGCAGCAGCAGCAGCAGCAGCAGCAGCAGCAGCAG,UAGUAGUAGUAGUAGUAGUAGUAGUAG,CGGCGGCGGCGGCGGCGGCGGCGG",2 2 3 2 3 2 3 2 3 2 3,CUGCUGCUGCUGCUGCUGCUGCUGCUGCUGCUGCUGCUG&CUGCUGCUGCUGCUGCUGCUGCUGCUGCUGCUGCUGCUG&CAGCAGCAGCAGCAGCAGCAGCAGCAGCAGCAGCAGCAGCAG&CUGCUGCUGCUGCUGCUGCUGCUGCUGCUGCUGCUGCUG&CAGCAGCAGCAGCAGCAGCAGCAGCAGCAGCAGCAGCAGCAG&CUGCUGCUGCUGCUGCUGCUGCUGCUGCUGCUGCUGCUG&CAGCAGCAGCAGCAGCAGCAGCAGCAGCAGCAGCAGCAGCAG&CUGCUGCUGCUGCUGCUGCUGCUGCUGCUGCUGCUGCUG&CAGCAGCAGCAGCAGCAGCAGCAGCAGCAGCAGCAGCAGCAG&CUGCUGCUGCUGCUGCUGCUGCUGCUGCUGCUGCUGCUG&CAGCAGCAGCAGCAGCAGCAGCAGCAGCAGCAGCAGCAGCAG,-471.0,-471.0,0.0,False,103.8850872516632,0.098686933517456,...((((((((((((((((((((((((((((.((.((..&..)).)).)).((((((((((((((((((((((((((((&))))))))))))))))))))))))))))((((((((((((((&))))))))))))))(((((((((((((((((((((((((&)))))))))))))))))))))))))(((((((((((((((((&)))))))))))))))))((((((((((((((((((((((&))))))))))))))))))))))((((((((((((((((((((&))))))))))))))))))))(((((((((((((((((((&)))))))))))))))))))(((((((((((((((((((((((&)))))))))))))))))))))))................&................)))))))))))))))))))))))))),...((((((((((((((((((((((((((((.((.((..&..)).)).)).((((((((((((((((((((((((((((&))))))))))))))))))))))))))))((((((((((((((&))))))))))))))(((((((((((((((((((((((((&)))))))))))))))))))))))))(((((((((((((((((&)))))))))))))))))((((((((((((((((((((((&))))))))))))))))))))))((((((((((((((((((((&))))))))))))))))))))(((((((((((((((((((&)))))))))))))))))))(((((((((((((((((((((((&)))))))))))))))))))))))((((((((((((((((&)))))))))))))))))))))))))))))))))))))))))),False,"{'GC': 135, 'AU': 65, 'GU': 0, 'Other': 0}","{'GC': 146, 'AU': 70, 'GU': 0, 'Other': 0}",False,16
6,1,1,11,"CAGCAGCAGCAGCAGCAGCAGCAG,CCGCCGCCGCCGCCGCCGCCGCCG,UAGUAGUAGUAGUAGUAGUAGUAG,CCGCCGCCGCCGCCGCCGCCGCCGCCG,CCGCCGCCGCCGCCGCCGCCGCCGCCGCCGCCGCCG,UAGUAGUAGUAGUAGUAGUAGUAGUAGUAGUAGUAGUAG,CCGCCGCCGCCGCCGCCGCCGCCGCCGCCGCCG,CUGCUGCUGCUGCUGCUGCUGCUG",8 1 8 1 8 1 8 1 8 8 6,CUGCUGCUGCUGCUGCUGCUGCUG&CAGCAGCAGCAGCAGCAGCAGCAG&CUGCUGCUGCUGCUGCUGCUGCUG&CAGCAGCAGCAGCAGCAGCAGCAG&CUGCUGCUGCUGCUGCUGCUGCUG&CAGCAGCAGCAGCAGCAGCAGCAG&CUGCUGCUGCUGCUGCUGCUGCUG&CAGCAGCAGCAGCAGCAGCAGCAG&CUGCUGCUGCUGCUGCUGCUGCUG&CUGCUGCUGCUGCUGCUGCUGCUG&UAGUAGUAGUAGUAGUAGUAGUAGUAGUAGUAGUAGUAG,-250.0,-250.0,0.0,False,268.96609473228455,0.034799575805664,((((((((((((((((((((((((&))))((((((((((((((((((((&))))))))))))))))))))((((&))))((((((((((((((((((((&))))))))))))))))))))((((&))))((((((((((((((((((((&))))))))))))))))))))((((&))))((((((((((((((((((((&))))))))))))))))))))((..&..))....................&...................)))))))))))))))))))),((((((((((((((((((((((((&))))((((((((((((((((((((&))))))))))))))))))))((((&))))((((((((((((((((((((&))))))))))))))))))))((((&))))((((((((((((((((((((&))))))))))))))))))))((((&))))((((((((((((((((((((&))))))))))))))))))))((..&..)).(((((((((((((((((((&))))))))))))))))))))))))))))))))))))))),False,"{'GC': 73, 'AU': 39, 'GU': 6, 'Other': 0}","{'GC': 79, 'AU': 45, 'GU': 13, 'Other': 0}",False,19
7,1,1,11,"CUGCUGCUGCUGCUGCUGCUGCUGCUGCUG,CUGCUGCUGCUGCUGCUGCUGCUGCUGCUGCUG,CUGCUGCUGCUGCUGCUGCUGCUGCUGCUGCUGCUG,CGGCGGCGGCGGCGGCGG,CCGCCGCCGCCGCCGCCGCCGCCGCCGCCGCCG,CAGCAGCAGCAGCAGCAGCAGCAGCAG,CUGCUGCUGCUGCUGCUGCUGCUGCUGCUGCUG,CAGCAGCAGCAGCAGCAGCAG,CGGCGGCGGCGGCGGCGGCGGCGGCGGCGG,UAGUAGUAGUAGUAGUAGUAGUAGUAGUAGUAGUAGUAG,CGGCGGCGGCGGCGGCGGCGGCGGCGGCGGCGGCGGCGG",5 5 11 5 11 5 11 5 11 5 11,CCGCCGCCGCCGCCGCCGCCGCCGCCGCCGCCG&CCGCCGCCGCCGCCGCCGCCGCCGCCGCCGCCG&CGGCGGCGGCGGCGGCGGCGGCGGCGGCGGCGGCGGCGG&CCGCCGCCGCCGCCGCCGCCGCCGCCGCCGCCG&CGGCGGCGGCGGCGGCGGCGGCGGCGGCGGCGGCGGCGG&CCGCCGCCGCCGCCGCCGCCGCCGCCGCCGCCG&CGGCGGCGGCGGCGGCGGCGGCGGCGGCGGCGGCGGCGG&CCGCCGCCGCCGCCGCCGCCGCCGCCGCCGCCG&CGGCGGCGGCGGCGGCGGCGGCGGCGGCGGCGGCGGCGG&CCGCCGCCGCCGCCGCCGCCGCCGCCGCCGCCG&CGGCGGCGGCGGCGGCGGCGGCGGCGGCGGCGGCGGCGG,-522.1,-522.1,0.0,False,896.428572177887,0.0878584384918212,(((((((((((((((((((((((((((((((((&).(((((((((((((((((((((((((((((((&)))))))))))))))))))))))))))))))((((((((&))))))))(((((((((((((((((((((((((&)))))))))))))))))))))))))((((((((((((((&))))))))))))))(((((((((((((((((((&)))))))))))))))))))((((((((((((((((((((&))))))))))))))))))))(((((((((((((&)))))))))))))((((((((((((((((((((((((((&)))))))))))))))))))))))))).......&.......)))))))))))))))))))))))))))))))),(((((((((((((((((((((((((((((((((&).(((((((((((((((((((((((((((((((&)))))))))))))))))))))))))))))))((((((((&))))))))(((((((((((((((((((((((((&)))))))))))))))))))))))))((((((((((((((&))))))))))))))(((((((((((((((((((&)))))))))))))))))))((((((((((((((((((((&))))))))))))))))))))(((((((((((((&)))))))))))))((((((((((((((((((((((((((&))))))))))))))))))))))))))(((((((&))))))))))))))))))))))))))))))))))))))),False,"{'GC': 189, 'AU': 0, 'GU': 0, 'Other': 0}","{'GC': 196, 'AU': 0, 'GU': 0, 'Other': 0}",False,7
8,1,1,14,"CGGCGGCGGCGG,CGG",1 1 1 1 1 1 1 1 1 1 1 1 1 1,CGGCGGCGGCGG&CGGCGGCGGCGG&CGGCGGCGGCGG&CGGCGGCGGCGG&CGGCGGCGGCGG&CGGCGGCGGCGG&CGGCGGCGGCGG&CGGCGGCGGCGG&CGGCGGCGGCGG&CGGCGGCGGCGG&CGGCGGCGGCGG&CGGCGGCGGCGG&CGGCGGCGGCGG&CGGCGGCGGCGG,-54.9,-54.9,0.0,False,0.1598408222198486,0.0140602588653564,((((.((.((.(&).)).)).))..&))((.((.((..&((((.((.((..&((((.((.((..&((((.((.((..&((((.((.((..&((((.((.((.(&).)).)).))..&)))).)).))..&)))).)).))..&)))).)).))..&)))).)).))..&)))).)).))..,((((.((.((..&((((.((.((..&((((.((.((..&((((.((.((..&((((.((.((..&((((.((.((.(&).)).)).))..&)))).)).))..&)))).)).))..&)))).)).))..&)))).)).))..&)))).)).))..&))((.((.((.(&).)).)).))..,False,"{'GC': 56, 'AU': 0, 'GU': 0, 'Other': 0}","{'GC': 56, 'AU': 0, 'GU': 0, 'Other': 0}",True,0
9,1,4,14,"CGGCGGCGGCGGCGG,UAG,CGGCGGCGGCGGCGG,CAGCAGCAGCAGCAG,CAG",1 1 1 1 1 1 1 1 1 1 1 1 1 1,CGGCGGCGGCGGCGG&CGGCGGCGGCGGCGG&CGGCGGCGGCGGCGG&CGGCGGCGGCGGCGG&CGGCGGCGGCGGCGG&CGGCGGCGGCGGCGG&CGGCGGCGGCGGCGG&CGGCGGCGGCGGCGG&CGGCGGCGGCGGCGG&CGGCGGCGGCGGCGG&CGGCGGCGGCGGCGG&CGGCGGCGGCGGCGG&CGGCGGCGGCGGCGG&CGGCGGCGGCGGCGG,-88.5,-88.5,0.0,False,4.966018438339233,0.0208594799041748,((((.((.((.((.(&).)).)).)).))..&))((.((.((.((..&((((.((.((.((..&((((.((.((.((..&((((.((.((.((..&((((.((.((.((..&((((.((.((.((.(&).)).)).)).))..&)))).)).)).))..&)))).)).)).))..&)))).)).)).))..&)))).)).)).))..&)))).)).)).))..,((((.((.((.((..&((((.((.((.((..&((((.((.((.((..&((((.((.((.((..&((((.((.((.((..&((((.((.((.((.(&).)).)).)).))..&)))).)).)).))..&)))).)).)).))..&)))).)).)).))..&)))).)).)).))..&)))).)).)).))..&))((.((.((.((.(&).)).)).)).))..,False,"{'GC': 70, 'AU': 0, 'GU': 0, 'Other': 0}","{'GC': 70, 'AU': 0, 'GU': 0, 'Other': 0}",True,0
9,2,4,14,"CGGCGGCGGCGGCGG,UAG,CGGCGGCGGCGGCGG,CAGCAGCAGCAGCAG,CAG",1 1 1 1 1 1 1 1 1 1 1 1 1 3,CGGCGGCGGCGGCGG&CGGCGGCGGCGGCGG&CGGCGGCGGCGGCGG&CGGCGGCGGCGGCGG&CGGCGGCGGCGGCGG&CGGCGGCGGCGGCGG&CGGCGGCGGCGGCGG&CGGCGGCGGCGGCGG&CGGCGGCGGCGGCGG&CGGCGGCGGCGGCGG&CGGCGGCGGCGGCGG&CGGCGGCGGCGGCGG&CGGCGGCGGCGGCGG&CGGCGGCGGCGGCGG,-88.5,-88.5,0.0,False,4.966018438339233,0.0204911231994628,((((.((.((.((.(&).)).)).)).))..&))((.((.((.((..&((((.((.((.((..&((((.((.((.((..&((((.((.((.((..&((((.((.((.((..&((((.((.((.((.(&).)).)).)).))..&)))).)).)).))..&)))).)).)).))..&)))).)).)).))..&)))).)).)).))..&)))).)).)).))..,((((.((.((.((..&((((.((.((.((..&((((.((.((.((..&((((.((.((.((..&((((.((.((.((..&((((.((.((.((.(&).)).)).)).))..&)))).)).)).))..&)))).)).)).))..&)))).)).)).))..&)))).)).)).))..&)))).)).)).))..&))((.((.((.((.(&).)).)).)).))..,False,"{'GC': 70, 'AU': 0, 'GU': 0, 'Other': 0}","{'GC': 70, 'AU': 0, 'GU': 0, 'Other': 0}",True,0
9,3,4,14,"CGGCGGCGGCGGCGG,UAG,CGGCGGCGGCGGCGG,CAGCAGCAGCAGCAG,CAG",3 1 1 1 1 1 1 1 1 1 1 1 1 1,CGGCGGCGGCGGCGG&CGGCGGCGGCGGCGG&CGGCGGCGGCGGCGG&CGGCGGCGGCGGCGG&CGGCGGCGGCGGCGG&CGGCGGCGGCGGCGG&CGGCGGCGGCGGCGG&CGGCGGCGGCGGCGG&CGGCGGCGGCGGCGG&CGGCGGCGGCGGCGG&CGGCGGCGGCGGCGG&CGGCGGCGGCGGCGG&CGGCGGCGGCGGCGG&CGGCGGCGGCGGCGG,-88.5,-88.5,0.0,False,4.966018438339233,0.0212321281433105,((((.((.((.((.(&).)).)).)).))..&))((.((.((.((..&((((.((.((.((..&((((.((.((.((..&((((.((.((.((..&((((.((.((.((..&((((.((.((.((.(&).)).)).)).))..&)))).)).)).))..&)))).)).)).))..&)))).)).)).))..&)))).)).)).))..&)))).)).)).))..,((((.((.((.((..&((((.((.((.((..&((((.((.((.((..&((((.((.((.((..&((((.((.((.((..&((((.((.((.((.(&).)).)).)).))..&)))).)).)).))..&)))).)).)).))..&)))).)).)).))..&)))).)).)).))..&)))).)).)).))..&))((.((.((.((.(&).)).)).)).))..,False,"{'GC': 70, 'AU': 0, 'GU': 0, 'Other': 0}","{'GC': 70, 'AU': 0, 'GU': 0, 'Other': 0}",True,0
9,4,4,14,"CGGCGGCGGCGGCGG,UAG,CGGCGGCGGCGGCGG,CAGCAGCAGCAGCAG,CAG",3 1 1 1 1 1 1 1 1 1 1 1 1 3,CGGCGGCGGCGGCGG&CGGCGGCGGCGGCGG&CGGCGGCGGCGGCGG&CGGCGGCGGCGGCGG&CGGCGGCGGCGGCGG&CGGCGGCGGCGGCGG&CGGCGGCGGCGGCGG&CGGCGGCGGCGGCGG&CGGCGGCGGCGGCGG&CGGCGGCGGCGGCGG&CGGCGGCGGCGGCGG&CGGCGGCGGCGGCGG&CGGCGGCGGCGGCGG&CGGCGGCGGCGGCGG,-88.5,-88.5,0.0,False,4.966018438339233,0.0204977989196777,((((.((.((.((.(&).)).)).)).))..&))((.((.((.((..&((((.((.((.((..&((((.((.((.((..&((((.((.((.((..&((((.((.((.((..&((((.((.((.((.(&).)).)).)).))..&)))).)).)).))..&)))).)).)).))..&)))).)).)).))..&)))).)).)).))..&)))).)).)).))..,((((.((.((.((..&((((.((.((.((..&((((.((.((.((..&((((.((.((.((..&((((.((.((.((..&((((.((.((.((.(&).)).)).)).))..&)))).)).)).))..&)))).)).)).))..&)))).)).)).))..&)))).)).)).))..&)))).)).)).))..&))((.((.((.((.(&).)).)).)).))..,False,"{'GC': 70, 'AU': 0, 'GU': 0, 'Other': 0}","{'GC': 70, 'AU': 0, 'GU': 0, 'Other': 0}",True,0
10,1,1,14,"CCGCCGCCG,CCGCCGCCGCCGCCGCCGCCGCCGCCG,GAUGAUGAUGAUGAUGAUGAU,CGGCGG,UAG,CAGCAGCAGCAGCAG,CAGCAGCAGCAGCAG,UAGUAGUAG",2 2 2 2 2 2 2 2 2 2 2 2 2 2,CCGCCGCCGCCGCCGCCGCCGCCGCCG&CCGCCGCCGCCGCCGCCGCCGCCGCCG&CCGCCGCCGCCGCCGCCGCCGCCGCCG&CCGCCGCCGCCGCCGCCGCCGCCGCCG&CCGCCGCCGCCGCCGCCGCCGCCGCCG&CCGCCGCCGCCGCCGCCGCCGCCGCCG&CCGCCGCCGCCGCCGCCGCCGCCGCCG&CCGCCGCCGCCGCCGCCGCCGCCGCCG&CCGCCGCCGCCGCCGCCGCCGCCGCCG&CCGCCGCCGCCGCCGCCGCCGCCGCCG&CCGCCGCCGCCGCCGCCGCCGCCGCCG&CCGCCGCCGCCGCCGCCGCCGCCGCCG&CCGCCGCCGCCGCCGCCGCCGCCGCCG&CCGCCGCCGCCGCCGCCGCCGCCGCCG,-127.0,-127.0,0.0,False,42.702409744262695,0.0656313896179199,..((.((.((.((.((.((.((.((..&..)).)).)).)).)).)).)).))((&..((.((.((.((.((.((.((.((((&..((.((.((.((.((.((.((.((((&..((.((.((.((.((.((.((.((((&..((.((.((.((.((.((.((.((((&..((.((.((.((.((.((.((.((((&..((.((.((.((.((.((.((.((..&..)).)).)).)).)).)).)).))))&..)).)).)).)).)).)).)).))))&..)).)).)).)).)).)).)).))))&..)).)).)).)).)).)).)).))))&..)).)).)).)).)).)).)).))))&..)).)).)).)).)).)).)).)))),..((.((.((.((.((.((.((.((((&..((.((.((.((.((.((.((.((((&..((.((.((.((.((.((.((.((((&..((.((.((.((.((.((.((.((((&..((.((.((.((.((.((.((.((((&..((.((.((.((.((.((.((.((((&..((.((.((.((.((.((.((.((..&..)).)).)).)).)).)).)).))))&..)).)).)).)).)).)).)).))))&..)).)).)).)).)).)).)).))))&..)).)).)).)).)).)).)).))))&..)).)).)).)).)).)).)).))))&..)).)).)).)).)).)).)).))))&..)).)).)).)).)).)).)).))..,False,"{'GC': 124, 'AU': 0, 'GU': 0, 'Other': 0}","{'GC': 124, 'AU': 0, 'GU': 0, 'Other': 0}",True,0
11,1,2,14,"CUGCUGCUGCUGCUGCUGCUGCUGCUGCUG,UAGUAGUAGUAGUAGUAGUAGUAG,UAGUAGUAGUAGUAGUAGUAGUAGUAGUAG,CCGCCGCCGCCGCCGCCGCCG,GAUGAUGAUGAUGAUGAUGAUGAU",1 3 1 3 1 3 1 3 1 3 1 3 1 3,CUGCUGCUGCUGCUGCUGCUGCUGCUGCUG&UAGUAGUAGUAGUAGUAGUAGUAGUAGUAG&CUGCUGCUGCUGCUGCUGCUGCUGCUGCUG&UAGUAGUAGUAGUAGUAGUAGUAGUAGUAG&CUGCUGCUGCUGCUGCUGCUGCUGCUGCUG&UAGUAGUAGUAGUAGUAGUAGUAGUAGUAG&CUGCUGCUGCUGCUGCUGCUGCUGCUGCUG&UAGUAGUAGUAGUAGUAGUAGUAGUAGUAG&CUGCUGCUGCUGCUGCUGCUGCUGCUGCUG&UAGUAGUAGUAGUAGUAGUAGUAGUAGUAG&CUGCUGCUGCUGCUGCUGCUGCUGCUGCUG&UAGUAGUAGUAGUAGUAGUAGUAGUAGUAG&CUGCUGCUGCUGCUGCUGCUGCUGCUGCUG&UAGUAGUAGUAGUAGUAGUAGUAGUAGUAG,-307.0,-307.0,0.0,False,82.9031114578247,0.0931580066680908,((((((((((((((((((((((((((((((&)(((((((((((((((((((((((((((((&)))))))))))))))))))))))))))))(&)(((((((((((((((((((((((((((((&)))))))))))))))))))))))))))))(&)(((((((((((((((((((((((((((((&)))))))))))))))))))))))))))))(&)(((((((((((((((((((((((((((((&)))))))))))))))))))))))))))))(&)(((((((((((((((((((((((((((((&)))))))))))))))))))))))))))))(&)(((((((((((((((((((((((((((((&))))))))))))))))))))))))))))).&.))))))))))))))))))))))))))))),((((((((((((((((((((((((((((((&))))((((((((((((((((((((((((((&))))))))))))))))))))))))))((((&))))((((((((((((((((((((((((((&))))))))))))))))))))))))))((((&))))((((((((((((((((((((((((((&))))))))))))))))))))))))))((((&))))((((((((((((((((((((((((((&))))))))))))))))))))))))))((((&))))((((((((((((((((((((((((((&))))))))))))))))))))))))))((((&))))((((((((((((((((((((((((((&))))))))))))))))))))))))))((((&)))))))))))))))))))))))))))))),False,"{'GC': 70, 'AU': 70, 'GU': 69, 'Other': 0}","{'GC': 70, 'AU': 70, 'GU': 70, 'Other': 0}",False,1
11,2,2,14,"CUGCUGCUGCUGCUGCUGCUGCUGCUGCUG,UAGUAGUAGUAGUAGUAGUAGUAG,UAGUAGUAGUAGUAGUAGUAGUAGUAGUAG,CCGCCGCCGCCGCCGCCGCCG,GAUGAUGAUGAUGAUGAUGAUGAU",3 1 3 1 3 1 3 1 3 1 3 1 3 1,UAGUAGUAGUAGUAGUAGUAGUAGUAGUAG&CUGCUGCUGCUGCUGCUGCUGCUGCUGCUG&UAGUAGUAGUAGUAGUAGUAGUAGUAGUAG&CUGCUGCUGCUGCUGCUGCUGCUGCUGCUG&UAGUAGUAGUAGUAGUAGUAGUAGUAGUAG&CUGCUGCUGCUGCUGCUGCUGCUGCUGCUG&UAGUAGUAGUAGUAGUAGUAGUAGUAGUAG&CUGCUGCUGCUGCUGCUGCUGCUGCUGCUG&UAGUAGUAGUAGUAGUAGUAGUAGUAGUAG&CUGCUGCUGCUGCUGCUGCUGCUGCUGCUG&UAGUAGUAGUAGUAGUAGUAGUAGUAGUAG&CUGCUGCUGCUGCUGCUGCUGCUGCUGCUG&UAGUAGUAGUAGUAGUAGUAGUAGUAGUAG&CUGCUGCUGCUGCUGCUGCUGCUGCUGCUG,-307.0,-307.0,0.0,False,82.9031114578247,0.089113712310791,((((((((((((((((((((((((((((((&))((((((((((((((((((((((((((((&))))))))))))))))))))))))))))((&))((((((((((((((((((((((((((((&))))))))))))))))))))))))))))((&))((((((((((((((((((((((((((((&))))))))))))))))))))))))))))((&))((((((((((((((((((((((((((((&))))))))))))))))))))))))))))((&))((((((((((((((((((((((((((((&))))))))))))))))))))))))))))((&))((((((((((((((((((((((((((((&))))))))))))))))))))))))))))..&..)))))))))))))))))))))))))))),((((((((((((((((((((((((((((((&))((((((((((((((((((((((((((((&))))))))))))))))))))))))))))((&))((((((((((((((((((((((((((((&))))))))))))))))))))))))))))((&))((((((((((((((((((((((((((((&))))))))))))))))))))))))))))((&))((((((((((((((((((((((((((((&))))))))))))))))))))))))))))((&))((((((((((((((((((((((((((((&))))))))))))))))))))))))))))((&))((((((((((((((((((((((((((((&))))))))))))))))))))))))))))((&)))))))))))))))))))))))))))))),False,"{'GC': 69, 'AU': 69, 'GU': 70, 'Other': 0}","{'GC': 70, 'AU': 70, 'GU': 70, 'Other': 0}",False,2
12,1,1,14,"CAGCAGCAGCAGCAGCAGCAGCAGCAGCAGCAGCAGCAGCAG,CGGCGGCGGCGGCGGCGGCGGCGGCGGCGGCGGCGGCGGCGG,CAGCAGCAGCAGCAGCAGCAGCAG,CUGCUGCUGCUGCUGCUGCUGCUG,CGGCGGCGGCGGCGGCGGCGGCGGCGGCGG,GAUGAUGAUGAUGAUGAUGAU,UAGUAGUAGUAGUAGUAGUAGUAGUAGUAGUAGUAGUAGUAG,CGGCGGCGGCGGCGGCGGCGGCGGCGGCGGCGGCGGCGG,CCGCCGCCGCCGCCGCCGCCGCCG,UAGUAGUAGUAGUAGUAGUAGUAGUAGUAGUAGUAGUAG,CUGCUGCUGCUGCUGCUGCUGCUGCUGCUG",9 9 2 9 9 2 9 9 2 9 9 2 9 2,CCGCCGCCGCCGCCGCCGCCGCCG&CCGCCGCCGCCGCCGCCGCCGCCG&CGGCGGCGGCGGCGGCGGCGGCGGCGGCGGCGGCGGCGGCGG&CCGCCGCCGCCGCCGCCGCCGCCG&CCGCCGCCGCCGCCGCCGCCGCCG&CGGCGGCGGCGGCGGCGGCGGCGGCGGCGGCGGCGGCGGCGG&CCGCCGCCGCCGCCGCCGCCGCCG&CCGCCGCCGCCGCCGCCGCCGCCG&CGGCGGCGGCGGCGGCGGCGGCGGCGGCGGCGGCGGCGGCGG&CCGCCGCCGCCGCCGCCGCCGCCG&CCGCCGCCGCCGCCGCCGCCGCCG&CGGCGGCGGCGGCGGCGGCGGCGGCGGCGGCGGCGGCGGCGG&CCGCCGCCGCCGCCGCCGCCGCCG&CGGCGGCGGCGGCGGCGGCGGCGGCGGCGGCGGCGGCGGCGG,-546.1,-546.1,0.0,False,1732.6639823913574,0.1035311222076416,((((((((((((((((((((((((&((((((((((((((((((((((((&))))))))))((((((((((((((((((((((((((((((((&))))))))))))))))))))))))&))))))))((((((((((((((((&))))))))))))))))((((((((((((((((((((((((((&))))))))))))))))))))))).&..)))(((((((((((((((((((&)))))))))))))))))))(((((((((((((((((((((((&)))))))))))))))))))))))(&).((((((((((((((((((((((&))))))))))))))))))))))((((((((((((((((((((&))))))))))))))))))))....&....)))))))))))))))))))))))))))))))))))))),((((((((((((((((((((((((&((((((((((((((((((((((((&))))))))))((((((((((((((((((((((((((((((((&))))))))))))))))))))))))&))))))))((((((((((((((((&))))))))))))))))((((((((((((((((((((((((((&))))))))))))))))))))))).&..)))(((((((((((((((((((&)))))))))))))))))))(((((((((((((((((((((((&)))))))))))))))))))))))(&).((((((((((((((((((((((&))))))))))))))))))))))((((((((((((((((((((&))))))))))))))))))))((((&)))))))))))))))))))))))))))))))))))))))))),False,"{'GC': 207, 'AU': 0, 'GU': 0, 'Other': 0}","{'GC': 211, 'AU': 0, 'GU': 0, 'Other': 0}",False,4
13,1,1,17,"GAUGAUGAU,CCGCCGCCG",2 2 2 2 2 2 2 2 2 2 2 2 2 2 2 2 2,CCGCCGCCG&CCGCCGCCG&CCGCCGCCG&CCGCCGCCG&CCGCCGCCG&CCGCCGCCG&CCGCCGCCG&CCGCCGCCG&CCGCCGCCG&CCGCCGCCG&CCGCCGCCG&CCGCCGCCG&CCGCCGCCG&CCGCCGCCG&CCGCCGCCG&CCGCCGCCG&CCGCCGCCG,-4.0,-4.0,0.0,False,0.3581995964050293,0.0101699829101562,.......((&..((.((((&..((.((((&..((.((((&..((.((((&..((.((((&..((.((((&..((.((((&..((.((..&..)).))))&..)).))))&..)).))))&..)).))))&..)).))))&..)).))))&..)).))))&..)).)))),..((.((((&..((.((((&..((.((((&..((.((((&..((.((((&..((.((((&..((.((((&..((.((..&..)).))))&..)).))))&..)).))))&..)).))))&..)).))))&..)).))))&..)).))))&..)).))((&.))......,False,"{'GC': 48, 'AU': 0, 'GU': 0, 'Other': 0}","{'GC': 48, 'AU': 0, 'GU': 0, 'Other': 0}",True,0
14,1,1,17,"CCGCCGCCGCCGCCGCCGCCGCCGCCG,GAUGAUGAUGAUGAU,UAGUAGUAG,GAUGAUGAUGAUGAUGAU,CCGCCGCCG,UAGUAGUAGUAGUAG,CCGCCGCCGCCG,UAGUAGUAGUAGUAGUAGUAGUAGUAG",1 1 1 1 1 1 1 1 1 1 1 1 1 1 1 1 1,CCGCCGCCGCCGCCGCCGCCGCCGCCG&CCGCCGCCGCCGCCGCCGCCGCCGCCG&CCGCCGCCGCCGCCGCCGCCGCCGCCG&CCGCCGCCGCCGCCGCCGCCGCCGCCG&CCGCCGCCGCCGCCGCCGCCGCCGCCG&CCGCCGCCGCCGCCGCCGCCGCCGCCG&CCGCCGCCGCCGCCGCCGCCGCCGCCG&CCGCCGCCGCCGCCGCCGCCGCCGCCG&CCGCCGCCGCCGCCGCCGCCGCCGCCG&CCGCCGCCGCCGCCGCCGCCGCCGCCG&CCGCCGCCGCCGCCGCCGCCGCCGCCG&CCGCCGCCGCCGCCGCCGCCGCCGCCG&CCGCCGCCGCCGCCGCCGCCGCCGCCG&CCGCCGCCGCCGCCGCCGCCGCCGCCG&CCGCCGCCGCCGCCGCCGCCGCCGCCG&CCGCCGCCGCCGCCGCCGCCGCCGCCG&CCGCCGCCGCCGCCGCCGCCGCCGCCG,-147.9,-147.9,0.0,False,131.81980562210083,0.1018180847167968,.....((.((.((....)).)).))((&..((.((.((.((.((.((.((.((((&..((.((.((.((.((.((.((.((((&..((.((.((.((.((.((.((.((((&..((.((.((.((.((.((.((.((((&..((.((.((.((.((.((.((.((((&..((.((.((.((.((.((.((.((((&..((.((.((.((.((.((.((.((((&..((.((.((.((.((.((.((.((..&..)).)).)).)).)).)).)).))))&..)).)).)).)).)).)).)).))))&..)).)).)).)).)).)).)).))))&..)).)).)).)).)).)).)).))))&..)).)).)).)).)).)).)).))))&..)).)).)).)).)).)).)).))))&..)).)).)).)).)).)).)).))))&..)).)).)).)).)).)).)).)))),..((.((.((.((.((.((.((.((((&..((.((.((.((.((.((.((.((((&..((.((.((.((.((.((.((.((((&..((.((.((.((.((.((.((.((((&..((.((.((.((.((.((.((.((((&..((.((.((.((.((.((.((.((((&..((.((.((.((.((.((.((.((((&..((.((.((.((.((.((.((.((..&..)).)).)).)).)).)).)).))))&..)).)).)).)).)).)).)).))))&..)).)).)).)).)).)).)).))))&..)).)).)).)).)).)).)).))))&..)).)).)).)).)).)).)).))))&..)).)).)).)).)).)).)).))))&..)).)).)).)).)).)).)).))))&..)).)).)).)).)).)).)).))((&..((.((.((....)).)).))))...,False,"{'GC': 150, 'AU': 0, 'GU': 0, 'Other': 0}","{'GC': 150, 'AU': 0, 'GU': 0, 'Other': 0}",True,0
15,1,1,17,"CAGCAGCAGCAGCAGCAGCAGCAGCAGCAGCAGCAG,CCGCCGCCGCCGCCGCCGCCGCCGCCGCCGCCGCCGCCGCCG,UAGUAGUAGUAGUAGUAGUAG,GAUGAUGAUGAUGAUGAU,CAGCAGCAGCAGCAGCAGCAGCAGCAGCAGCAGCAGCAG",2 2 2 2 2 2 2 2 2 2 2 2 2 2 2 2 2,CCGCCGCCGCCGCCGCCGCCGCCGCCGCCGCCGCCGCCGCCG&CCGCCGCCGCCGCCGCCGCCGCCGCCGCCGCCGCCGCCGCCG&CCGCCGCCGCCGCCGCCGCCGCCGCCGCCGCCGCCGCCGCCG&CCGCCGCCGCCGCCGCCGCCGCCGCCGCCGCCGCCGCCGCCG&CCGCCGCCGCCGCCGCCGCCGCCGCCGCCGCCGCCGCCGCCG&CCGCCGCCGCCGCCGCCGCCGCCGCCGCCGCCGCCGCCGCCG&CCGCCGCCGCCGCCGCCGCCGCCGCCGCCGCCGCCGCCGCCG&CCGCCGCCGCCGCCGCCGCCGCCGCCGCCGCCGCCGCCGCCG&CCGCCGCCGCCGCCGCCGCCGCCGCCGCCGCCGCCGCCGCCG&CCGCCGCCGCCGCCGCCGCCGCCGCCGCCGCCGCCGCCGCCG&CCGCCGCCGCCGCCGCCGCCGCCGCCGCCGCCGCCGCCGCCG&CCGCCGCCGCCGCCGCCGCCGCCGCCGCCGCCGCCGCCGCCG&CCGCCGCCGCCGCCGCCGCCGCCGCCGCCGCCGCCGCCGCCG&CCGCCGCCGCCGCCGCCGCCGCCGCCGCCGCCGCCGCCGCCG&CCGCCGCCGCCGCCGCCGCCGCCGCCGCCGCCGCCGCCGCCG&CCGCCGCCGCCGCCGCCGCCGCCGCCGCCGCCGCCGCCGCCG&CCGCCGCCGCCGCCGCCGCCGCCGCCGCCGCCGCCGCCGCCG,-272.6,-272.6,0.0,False,207.4302842617035,0.2823090553283691,..((.((.((.((.((.((....)).)).)).)).)).))((&..((.((.((.((.((.((.((.((.((.((.((.((.((((&..((.((.((.((.((.((.((.((.((.((.((.((.((((&..((.((.((.((.((.((.((.((.((.((.((.((.((((&..((.((.((.((.((.((.((.((.((.((.((.((.((((&..((.((.((.((.((.((.((.((.((.((.((.((.((((&..((.((.((.((.((.((.((.((.((.((.((.((.((((&..((.((.((.((.((.((.((.((.((.((.((.((.((((&..((.((.((.((.((.((.((.((.((.((.((.((.((..&..)).)).)).)).)).)).)).)).)).)).)).)).))))&..)).)).)).)).)).)).)).)).)).)).)).)).))))&..)).)).)).)).)).)).)).)).)).)).)).)).))))&..)).)).)).)).)).)).)).)).)).)).)).)).))))&..)).)).)).)).)).)).)).)).)).)).)).)).))))&..)).)).)).)).)).)).)).)).)).)).)).)).))))&..)).)).)).)).)).)).)).)).)).)).)).)).))))&..)).)).)).)).)).)).)).)).)).)).)).)).)))),..((.((.((.((.((.((.((.((.((.((.((.((.((((&..((.((.((.((.((.((.((.((.((.((.((.((.((((&..((.((.((.((.((.((.((.((.((.((.((.((.((((&..((.((.((.((.((.((.((.((.((.((.((.((.((((&..((.((.((.((.((.((.((.((.((.((.((.((.((((&..((.((.((.((.((.((.((.((.((.((.((.((.((((&..((.((.((.((.((.((.((.((.((.((.((.((.((((&..((.((.((.((.((.((.((.((.((.((.((.((.((((&..((.((.((.((.((.((....)).)).)).)).)).))))&..)).)).)).)).)).)).)).)).)).)).)).)).))))&..)).)).)).)).)).)).)).)).)).)).)).)).))))&..)).)).)).)).)).)).)).)).)).)).)).)).))))&..)).)).)).)).)).)).)).)).)).)).)).)).))))&..)).)).)).)).)).)).)).)).)).)).)).)).))))&..)).)).)).)).)).)).)).)).)).)).)).)).))))&..)).)).)).)).)).)).)).)).)).)).)).)).))))&..)).)).)).)).)).)).)).)).)).)).)).)).))..,False,"{'GC': 236, 'AU': 0, 'GU': 0, 'Other': 0}","{'GC': 236, 'AU': 0, 'GU': 0, 'Other': 0}",True,0
16,1,1,17,"CGGCGGCGGCGGCGGCGGCGGCGGCGGCGGCGGCGG,CCGCCGCCGCCGCCGCCGCCGCCGCCGCCG,CUGCUGCUGCUGCUGCUGCUGCUGCUGCUG,UAGUAGUAGUAGUAGUAGUAGUAGUAG,CAGCAGCAGCAGCAGCAGCAG,CUGCUGCUGCUGCUGCUGCUGCUGCUG,CCGCCGCCGCCGCCGCCGCCGCCGCCGCCGCCGCCGCCG,CAGCAGCAGCAGCAGCAGCAG",1 1 7 1 7 1 7 1 7 1 7 1 7 1 7 1 7,CGGCGGCGGCGGCGGCGGCGGCGGCGGCGGCGGCGG&CGGCGGCGGCGGCGGCGGCGGCGGCGGCGGCGGCGG&CCGCCGCCGCCGCCGCCGCCGCCGCCGCCGCCGCCGCCG&CGGCGGCGGCGGCGGCGGCGGCGGCGGCGGCGGCGG&CCGCCGCCGCCGCCGCCGCCGCCGCCGCCGCCGCCGCCG&CGGCGGCGGCGGCGGCGGCGGCGGCGGCGGCGGCGG&CCGCCGCCGCCGCCGCCGCCGCCGCCGCCGCCGCCGCCG&CGGCGGCGGCGGCGGCGGCGGCGGCGGCGGCGGCGG&CCGCCGCCGCCGCCGCCGCCGCCGCCGCCGCCGCCGCCG&CGGCGGCGGCGGCGGCGGCGGCGGCGGCGGCGGCGG&CCGCCGCCGCCGCCGCCGCCGCCGCCGCCGCCGCCGCCG&CGGCGGCGGCGGCGGCGGCGGCGGCGGCGGCGGCGG&CCGCCGCCGCCGCCGCCGCCGCCGCCGCCGCCGCCGCCG&CGGCGGCGGCGGCGGCGGCGGCGGCGGCGGCGGCGG&CCGCCGCCGCCGCCGCCGCCGCCGCCGCCGCCGCCGCCG&CGGCGGCGGCGGCGGCGGCGGCGGCGGCGGCGGCGG&CCGCCGCCGCCGCCGCCGCCGCCGCCGCCGCCGCCGCCG,-845.2,-845.2,0.0,False,731.0630125999451,0.2442052364349365,...((((((((((((((((((((((((((((.((.(&).))((((((((((((((((((((((((((((((((&))))))))))))))))))))))))))))))))(((((((&)))))))(((((((((((((((((((((((((((((&)))))))))))))))))))))))))))))((((((((((&))))))))))((((((((((((((((((((((((((&))))))))))))))))))))))))))(((((((((((((&)))))))))))))(((((((((((((((((((((((&)))))))))))))))))))))))((((((((((((((((&))))))))))))))))((((((((((((((((((((&))))))))))))))))))))(((((((((((((((((((&)))))))))))))))))))(((((((((((((((((&)))))))))))))))))((((((((((((((((((((((&))))))))))))))))))))))((((((((((((((&))))))))))))))(((((((((((((((((((((((((&)))))))))))))))))))))))))...........&...........)))))))))))))))))))))))))))),...((((((((((((((((((((((((((((.((.(&).))((((((((((((((((((((((((((((((((&))))))))))))))))))))))))))))))))(((((((&)))))))(((((((((((((((((((((((((((((&)))))))))))))))))))))))))))))((((((((((&))))))))))((((((((((((((((((((((((((&))))))))))))))))))))))))))(((((((((((((&)))))))))))))(((((((((((((((((((((((&)))))))))))))))))))))))((((((((((((((((&))))))))))))))))((((((((((((((((((((&))))))))))))))))))))(((((((((((((((((((&)))))))))))))))))))(((((((((((((((((&)))))))))))))))))((((((((((((((((((((((&))))))))))))))))))))))((((((((((((((&))))))))))))))(((((((((((((((((((((((((&)))))))))))))))))))))))))(((((((((((&))))))))))))))))))))))))))))))))))))))),False,"{'GC': 304, 'AU': 0, 'GU': 0, 'Other': 0}","{'GC': 315, 'AU': 0, 'GU': 0, 'Other': 0}",False,11
17,1,1,20,"CAGCAGCAG,CAGCAGCAGCAGCAG,GAUGAU,CAG,CCGCCGCCGCCGCCGCCG",5 5 5 5 5 5 5 5 5 5 5 5 5 5 5 5 5 5 5 5,CCGCCGCCGCCGCCGCCG&CCGCCGCCGCCGCCGCCG&CCGCCGCCGCCGCCGCCG&CCGCCGCCGCCGCCGCCG&CCGCCGCCGCCGCCGCCG&CCGCCGCCGCCGCCGCCG&CCGCCGCCGCCGCCGCCG&CCGCCGCCGCCGCCGCCG&CCGCCGCCGCCGCCGCCG&CCGCCGCCGCCGCCGCCG&CCGCCGCCGCCGCCGCCG&CCGCCGCCGCCGCCGCCG&CCGCCGCCGCCGCCGCCG&CCGCCGCCGCCGCCGCCG&CCGCCGCCGCCGCCGCCG&CCGCCGCCGCCGCCGCCG&CCGCCGCCGCCGCCGCCG&CCGCCGCCGCCGCCGCCG&CCGCCGCCGCCGCCGCCG&CCGCCGCCGCCGCCGCCG,-93.7,-93.7,0.0,False,10.48219084739685,0.0520212650299072,..((.((.((.((.((..&..)).)).)).)).))((&..((.((.((.((.((((&..((.((.((.((.((((&..((.((.((.((.((((&..((.((.((.((.((((&..((.((.((.((.((((&..((.((.((.((.((((&..((.((.((.((.((((&..((.((.((.((.((((&..((.((.((.((.((..&..)).)).)).)).))))&..)).)).)).)).))))&..)).)).)).)).))))&..)).)).)).)).))))&..)).)).)).)).))))&..)).)).)).)).))))&..)).)).)).)).))))&..)).)).)).)).))))&..)).)).)).)).)))),..((.((.((.((.((((&..((.((.((.((.((((&..((.((.((.((.((((&..((.((.((.((.((((&..((.((.((.((.((((&..((.((.((.((.((((&..((.((.((.((.((((&..((.((.((.((.((((&..((.((.((.((.((((&..((.((.((.((.((..&..)).)).)).)).))))&..)).)).)).)).))))&..)).)).)).)).))))&..)).)).)).)).))))&..)).)).)).)).))))&..)).)).)).)).))))&..)).)).)).)).))))&..)).)).)).)).))))&..)).)).)).)).))))&..)).)).)).)).))..,False,"{'GC': 118, 'AU': 0, 'GU': 0, 'Other': 0}","{'GC': 118, 'AU': 0, 'GU': 0, 'Other': 0}",True,0
18,1,3,20,"GAUGAUGAUGAUGAUGAUGAUGAU,CGGCGGCGGCGGCGGCGGCGGCGGCGG,CCGCCGCCGCCGCCGCCGCCG,UAGUAGUAGUAGUAG,CUGCUGCUGCUG,GAUGAUGAUGAUGAUGAUGAU,CCGCCGCCGCCGCCGCCGCCG,GAUGAU",2 3 2 3 3 2 3 2 3 2 3 3 2 3 2 3 2 3 3 2,CGGCGGCGGCGGCGGCGGCGGCGGCGG&CCGCCGCCGCCGCCGCCGCCG&CGGCGGCGGCGGCGGCGGCGGCGGCGG&CCGCCGCCGCCGCCGCCGCCG&CCGCCGCCGCCGCCGCCGCCG&CGGCGGCGGCGGCGGCGGCGGCGGCGG&CCGCCGCCGCCGCCGCCGCCG&CGGCGGCGGCGGCGGCGGCGGCGGCGG&CCGCCGCCGCCGCCGCCGCCG&CGGCGGCGGCGGCGGCGGCGGCGGCGG&CCGCCGCCGCCGCCGCCGCCG&CCGCCGCCGCCGCCGCCGCCG&CGGCGGCGGCGGCGGCGGCGGCGGCGG&CCGCCGCCGCCGCCGCCGCCG&CGGCGGCGGCGGCGGCGGCGGCGGCGG&CCGCCGCCGCCGCCGCCGCCG&CGGCGGCGGCGGCGGCGGCGGCGGCGG&CCGCCGCCGCCGCCGCCGCCG&CCGCCGCCGCCGCCGCCGCCG&CGGCGGCGGCGGCGGCGGCGGCGGCGG,-579.4,-579.4,0.0,False,263.3811004161835,0.1209831237792968,(.((.((((((((((((((((((((((&))))))))))))))))))))(&)((((((((((((((((((((((((((&)))))))))))))))))))))&)))))((((((((((((((((&))))))))))))))))(((((((((((&)))))))))))((((((((((&))))))))))(((((((((((((((((&)))))))))))))))))((((&))))(((((((((((((((((((((((&)))))))))))))))))))))&))(((((((((((((((((((&)))))))))))))))))))((((((((&))))))))(((((((((((((&)))))))))))))((((((((((((((&))))))))))))))(((((((&)))))))((((((((((((((((((((&))))))))))))))))))))(&)....................&....................)).)).),(.((.((((((((((((((((((((((&))))))))))))))))))))(&)((((((((((((((((((((((((((&)))))))))))))))))))))&)))))((((((((((((((((&))))))))))))))))(((((((((((&)))))))))))((((((((((&))))))))))(((((((((((((((((&)))))))))))))))))((((&))))(((((((((((((((((((((((&)))))))))))))))))))))&))(((((((((((((((((((&)))))))))))))))))))((((((((&))))))))(((((((((((((&)))))))))))))((((((((((((((&))))))))))))))(((((((&)))))))((((((((((((((((((((&))))))))))))))))))))(&)((((((((((((((((((((&)))))))))))))))))))))).)).),False,"{'GC': 215, 'AU': 0, 'GU': 0, 'Other': 0}","{'GC': 235, 'AU': 0, 'GU': 0, 'Other': 0}",False,20
18,2,3,20,"GAUGAUGAUGAUGAUGAUGAUGAU,CGGCGGCGGCGGCGGCGGCGGCGGCGG,CCGCCGCCGCCGCCGCCGCCG,UAGUAGUAGUAGUAG,CUGCUGCUGCUG,GAUGAUGAUGAUGAUGAUGAU,CCGCCGCCGCCGCCGCCGCCG,GAUGAU",3 3 2 3 2 3 2 3 3 2 3 2 3 2 3 3 2 2 3 2,CCGCCGCCGCCGCCGCCGCCG&CCGCCGCCGCCGCCGCCGCCG&CGGCGGCGGCGGCGGCGGCGGCGGCGG&CCGCCGCCGCCGCCGCCGCCG&CGGCGGCGGCGGCGGCGGCGGCGGCGG&CCGCCGCCGCCGCCGCCGCCG&CGGCGGCGGCGGCGGCGGCGGCGGCGG&CCGCCGCCGCCGCCGCCGCCG&CCGCCGCCGCCGCCGCCGCCG&CGGCGGCGGCGGCGGCGGCGGCGGCGG&CCGCCGCCGCCGCCGCCGCCG&CGGCGGCGGCGGCGGCGGCGGCGGCGG&CCGCCGCCGCCGCCGCCGCCG&CGGCGGCGGCGGCGGCGGCGGCGGCGG&CCGCCGCCGCCGCCGCCGCCG&CCGCCGCCGCCGCCGCCGCCG&CGGCGGCGGCGGCGGCGGCGGCGGCGG&CGGCGGCGGCGGCGGCGGCGGCGGCGG&CCGCCGCCGCCGCCGCCGCCG&CGGCGGCGGCGGCGGCGGCGGCGGCGG,-579.4,-578.5,-0.8999999999999773,False,263.3811004161835,0.1138532161712646,(((((((((((((((((((((&(((((((((((((((((((((&))))))))))))))))(((((((((((&)))))))))))((((((((((&))))))))))(((((((((((((((((&)))))))))))))))))((((&))))(((((((((((((((((((((((&)))))))))))))))))))))&))(((((((((((((((((((&)))))))))))))))))))((((((((&))))))))(((((((((((((&)))))))))))))((((((((((((((&))))))))))))))(((((((&)))))))((((((((((((((((((((&))))))))))))))))))))(&)((((((((((((((((((((&))))))))))))))))))))((.((.(&).)).))((((((((((((((((((((&)))))))))))))))))))).&.)))))))))))))))))))))))))),(((((((((((((((((((((&(((((((((((((((((((((&))))))))))))))))(((((((((((&)))))))))))((((((((((&))))))))))(((((((((((((((((&)))))))))))))))))((((&))))(((((((((((((((((((((((&)))))))))))))))))))))&))(((((((((((((((((((&)))))))))))))))))))((((((((&))))))))(((((((((((((&)))))))))))))((((((((((((((&))))))))))))))(((((((&)))))))((((((((((((((((((((&))))))))))))))))))))(&(((((((((((((((((((((&)))))))))))))))))))))).((.(&).)).((((((((((((((((((((((&)))))))))))))))))))))&))))))))))))))))))))))))))),False,"{'GC': 234, 'AU': 0, 'GU': 0, 'Other': 0}","{'GC': 235, 'AU': 0, 'GU': 0, 'Other': 0}",False,1
18,3,3,20,"GAUGAUGAUGAUGAUGAUGAUGAU,CGGCGGCGGCGGCGGCGGCGGCGGCGG,CCGCCGCCGCCGCCGCCGCCG,UAGUAGUAGUAGUAG,CUGCUGCUGCUG,GAUGAUGAUGAUGAUGAUGAU,CCGCCGCCGCCGCCGCCGCCG,GAUGAU",7 3 2 3 2 3 2 3 3 2 3 2 3 2 3 3 2 2 3 2,CCGCCGCCGCCGCCGCCGCCG&CCGCCGCCGCCGCCGCCGCCG&CGGCGGCGGCGGCGGCGGCGGCGGCGG&CCGCCGCCGCCGCCGCCGCCG&CGGCGGCGGCGGCGGCGGCGGCGGCGG&CCGCCGCCGCCGCCGCCGCCG&CGGCGGCGGCGGCGGCGGCGGCGGCGG&CCGCCGCCGCCGCCGCCGCCG&CCGCCGCCGCCGCCGCCGCCG&CGGCGGCGGCGGCGGCGGCGGCGGCGG&CCGCCGCCGCCGCCGCCGCCG&CGGCGGCGGCGGCGGCGGCGGCGGCGG&CCGCCGCCGCCGCCGCCGCCG&CGGCGGCGGCGGCGGCGGCGGCGGCGG&CCGCCGCCGCCGCCGCCGCCG&CCGCCGCCGCCGCCGCCGCCG&CGGCGGCGGCGGCGGCGGCGGCGGCGG&CGGCGGCGGCGGCGGCGGCGGCGGCGG&CCGCCGCCGCCGCCGCCGCCG&CGGCGGCGGCGGCGGCGGCGGCGGCGG,-579.4,-578.5,-0.8999999999999773,False,263.3811004161835,0.1124670505523681,(((((((((((((((((((((&(((((((((((((((((((((&))))))))))))))))(((((((((((&)))))))))))((((((((((&))))))))))(((((((((((((((((&)))))))))))))))))((((&))))(((((((((((((((((((((((&)))))))))))))))))))))&))(((((((((((((((((((&)))))))))))))))))))((((((((&))))))))(((((((((((((&)))))))))))))((((((((((((((&))))))))))))))(((((((&)))))))((((((((((((((((((((&))))))))))))))))))))(&)((((((((((((((((((((&))))))))))))))))))))((.((.(&).)).))((((((((((((((((((((&)))))))))))))))))))).&.)))))))))))))))))))))))))),(((((((((((((((((((((&(((((((((((((((((((((&))))))))))))))))(((((((((((&)))))))))))((((((((((&))))))))))(((((((((((((((((&)))))))))))))))))((((&))))(((((((((((((((((((((((&)))))))))))))))))))))&))(((((((((((((((((((&)))))))))))))))))))((((((((&))))))))(((((((((((((&)))))))))))))((((((((((((((&))))))))))))))(((((((&)))))))((((((((((((((((((((&))))))))))))))))))))(&(((((((((((((((((((((&)))))))))))))))))))))).((.(&).)).((((((((((((((((((((((&)))))))))))))))))))))&))))))))))))))))))))))))))),False,"{'GC': 234, 'AU': 0, 'GU': 0, 'Other': 0}","{'GC': 235, 'AU': 0, 'GU': 0, 'Other': 0}",False,1
19,1,2,20,"CUGCUGCUGCUGCUG,GAUGAU,GAU,UAGUAGUAGUAGUAG,CGG,GAUGAUGAUGAUGAUGAUGAU,CAGCAGCAGCAGCAGCAG,UAGUAGUAGUAGUAG,CCGCCGCCGCCGCCGCCG,CAGCAGCAGCAGCAGCAGCAG,CUGCUGCUGCUGCUG",1 1 10 1 10 1 1 10 1 10 1 1 10 1 10 1 1 10 1 10,CUGCUGCUGCUGCUG&CUGCUGCUGCUGCUG&CAGCAGCAGCAGCAGCAGCAG&CUGCUGCUGCUGCUG&CAGCAGCAGCAGCAGCAGCAG&CUGCUGCUGCUGCUG&CUGCUGCUGCUGCUG&CAGCAGCAGCAGCAGCAGCAG&CUGCUGCUGCUGCUG&CAGCAGCAGCAGCAGCAGCAG&CUGCUGCUGCUGCUG&CUGCUGCUGCUGCUG&CAGCAGCAGCAGCAGCAGCAG&CUGCUGCUGCUGCUG&CAGCAGCAGCAGCAGCAGCAG&CUGCUGCUGCUGCUG&CUGCUGCUGCUGCUG&CAGCAGCAGCAGCAGCAGCAG&CUGCUGCUGCUGCUG&CAGCAGCAGCAGCAGCAGCAG,-308.4,-308.4,0.0,False,274.0574655532837,0.0514261722564697,(((((((((((((((&).(((((((((((((&)))))))))))))((((((((&))))))))(((((((&)))))))((((((((((((((&))))))))))))))(&).(((((((((((((&)))))))))))))((((((((&))))))))(((((((&)))))))((((((((((((((&))))))))))))))(&).(((((((((((((&)))))))))))))((((((((&))))))))(((((((&)))))))((((((((((((((&))))))))))))))(&).(((((((((((((&)))))))))))))((((((((&)))))))).......&.......)))))))))))))),(((((((((((((((&).(((((((((((((&)))))))))))))((((((((&))))))))(((((((&)))))))((((((((((((((&))))))))))))))(&).(((((((((((((&)))))))))))))((((((((&))))))))(((((((&)))))))((((((((((((((&))))))))))))))(&).(((((((((((((&)))))))))))))((((((((&))))))))(((((((&)))))))((((((((((((((&))))))))))))))(&).(((((((((((((&)))))))))))))((((((((&))))))))(((((((&))))))))))))))))))))),False,"{'GC': 111, 'AU': 54, 'GU': 0, 'Other': 0}","{'GC': 116, 'AU': 56, 'GU': 0, 'Other': 0}",False,7
19,2,2,20,"CUGCUGCUGCUGCUG,GAUGAU,GAU,UAGUAGUAGUAGUAG,CGG,GAUGAUGAUGAUGAUGAUGAU,CAGCAGCAGCAGCAGCAG,UAGUAGUAGUAGUAG,CCGCCGCCGCCGCCGCCG,CAGCAGCAGCAGCAGCAGCAG,CUGCUGCUGCUGCUG",11 1 10 1 10 1 1 10 1 10 1 1 10 1 10 1 1 10 1 10,CUGCUGCUGCUGCUG&CUGCUGCUGCUGCUG&CAGCAGCAGCAGCAGCAGCAG&CUGCUGCUGCUGCUG&CAGCAGCAGCAGCAGCAGCAG&CUGCUGCUGCUGCUG&CUGCUGCUGCUGCUG&CAGCAGCAGCAGCAGCAGCAG&CUGCUGCUGCUGCUG&CAGCAGCAGCAGCAGCAGCAG&CUGCUGCUGCUGCUG&CUGCUGCUGCUGCUG&CAGCAGCAGCAGCAGCAGCAG&CUGCUGCUGCUGCUG&CAGCAGCAGCAGCAGCAGCAG&CUGCUGCUGCUGCUG&CUGCUGCUGCUGCUG&CAGCAGCAGCAGCAGCAGCAG&CUGCUGCUGCUGCUG&CAGCAGCAGCAGCAGCAGCAG,-308.4,-308.4,0.0,False,274.0574655532837,0.0481739044189453,(((((((((((((((&).(((((((((((((&)))))))))))))((((((((&))))))))(((((((&)))))))((((((((((((((&))))))))))))))(&).(((((((((((((&)))))))))))))((((((((&))))))))(((((((&)))))))((((((((((((((&))))))))))))))(&).(((((((((((((&)))))))))))))((((((((&))))))))(((((((&)))))))((((((((((((((&))))))))))))))(&).(((((((((((((&)))))))))))))((((((((&)))))))).......&.......)))))))))))))),(((((((((((((((&).(((((((((((((&)))))))))))))((((((((&))))))))(((((((&)))))))((((((((((((((&))))))))))))))(&).(((((((((((((&)))))))))))))((((((((&))))))))(((((((&)))))))((((((((((((((&))))))))))))))(&).(((((((((((((&)))))))))))))((((((((&))))))))(((((((&)))))))((((((((((((((&))))))))))))))(&).(((((((((((((&)))))))))))))((((((((&))))))))(((((((&))))))))))))))))))))),False,"{'GC': 111, 'AU': 54, 'GU': 0, 'Other': 0}","{'GC': 116, 'AU': 56, 'GU': 0, 'Other': 0}",False,7
20,1,1,20,"CUGCUGCUGCUGCUGCUGCUGCUGCUGCUG,UAGUAGUAGUAGUAGUAGUAGUAG",2 1 2 1 2 1 2 1 2 1 2 2 1 2 1 2 1 2 1,UAGUAGUAGUAGUAGUAGUAGUAG&CUGCUGCUGCUGCUGCUGCUGCUGCUGCUG&UAGUAGUAGUAGUAGUAGUAGUAG&CUGCUGCUGCUGCUGCUGCUGCUGCUGCUG&UAGUAGUAGUAGUAGUAGUAGUAG&CUGCUGCUGCUGCUGCUGCUGCUGCUGCUG&UAGUAGUAGUAGUAGUAGUAGUAG&CUGCUGCUGCUGCUGCUGCUGCUGCUGCUG&UAGUAGUAGUAGUAGUAGUAGUAG&CUGCUGCUGCUGCUGCUGCUGCUGCUGCUG&UAGUAGUAGUAGUAGUAGUAGUAG&UAGUAGUAGUAGUAGUAGUAGUAG&CUGCUGCUGCUGCUGCUGCUGCUGCUGCUG&UAGUAGUAGUAGUAGUAGUAGUAG&CUGCUGCUGCUGCUGCUGCUGCUGCUGCUG&UAGUAGUAGUAGUAGUAGUAGUAG&CUGCUGCUGCUGCUGCUGCUGCUGCUGCUG&UAGUAGUAGUAGUAGUAGUAGUAG&CUGCUGCUGCUGCUGCUGCUGCUGCUGCUG,-374.3,-350.6,-23.69999999999999,False,14.00861883163452,0.1245908737182617,.(((((((((((((((((((((((&)))))))))))))))))))))))...((((&))))((((((((((((((((((((&))))))))))))))))))))((((((((((&))))))))))((((((((((((((&))))))))))))))((((((((((((((((&))))))))))))))))((((((((&))))))))((((((((((((((((((((((&))))))))))))))))))))))((&))((((((((((((((((((((((((((((&))))))))))))))))))))))))&))))((((((((((((((((((((&))))))))))))))))))))((((((((((&))))))))))((((((((((((((&))))))))))))))((((((((((((((((&))))))))))))))))((((((((&))))))))((((((((((((((((((((((&))))))))))))))))))))))..&..............................,.(((((((((((((((((((((((&)))))))))))))))))))))))((.((((&))))((((((((((((((((((((&))))))))))))))))))))((((((((((&))))))))))((((((((((((((&))))))))))))))((((((((((((((((&))))))))))))))))((((((((&))))))))((((((((((((((((((((((&))))))))))))))))))))))((&))((..((((((((((((((((((((((((&))))))))))))))))))))))))&.(((((((((((((((((((((((&))))))))))))))))))))))))).((..&.(((((((((((((((((((((((&))))))))))))))))))))))))).((..&.(((((((((((((((((((((((&))))))))))))))))))))))))).((..&.(((((((((((((((((((((((&))))))))))))))))))))))))).))..,False,"{'GC': 79, 'AU': 79, 'GU': 79, 'Other': 0}","{'GC': 90, 'AU': 80, 'GU': 75, 'Other': 0}",False,8
21,2,2,20,"CGGCGGCGGCGGCGGCGGCGGCGGCGGCGGCGG,GAUGAUGAUGAUGAUGAUGAU,CCGCCGCCGCCGCCGCCGCCGCCG,CUGCUGCUGCUGCUGCUGCUGCUGCUGCUGCUG,CUGCUGCUGCUGCUGCUGCUGCUGCUG",3 3 1 1 3 1 3 3 1 3 1 3 1 3 3 1 3 1 3 1,CCGCCGCCGCCGCCGCCGCCGCCG&CCGCCGCCGCCGCCGCCGCCGCCG&CGGCGGCGGCGGCGGCGGCGGCGGCGGCGGCGG&CGGCGGCGGCGGCGGCGGCGGCGGCGGCGGCGG&CCGCCGCCGCCGCCGCCGCCGCCG&CGGCGGCGGCGGCGGCGGCGGCGGCGGCGGCGG&CCGCCGCCGCCGCCGCCGCCGCCG&CCGCCGCCGCCGCCGCCGCCGCCG&CGGCGGCGGCGGCGGCGGCGGCGGCGGCGGCGG&CCGCCGCCGCCGCCGCCGCCGCCG&CGGCGGCGGCGGCGGCGGCGGCGGCGGCGGCGG&CCGCCGCCGCCGCCGCCGCCGCCG&CGGCGGCGGCGGCGGCGGCGGCGGCGGCGGCGG&CCGCCGCCGCCGCCGCCGCCGCCG&CCGCCGCCGCCGCCGCCGCCGCCG&CGGCGGCGGCGGCGGCGGCGGCGGCGGCGGCGG&CCGCCGCCGCCGCCGCCGCCGCCG&CGGCGGCGGCGGCGGCGGCGGCGGCGGCGGCGG&CCGCCGCCGCCGCCGCCGCCGCCG&CGGCGGCGGCGGCGGCGGCGGCGGCGGCGGCGG,-696.3,-695.4,-0.8999999999999773,False,226.89787983894348,0.1752514839172363,((((((((((((((((((((((((&((((((((((((((((((((((((&)))))))))))))))).((.((.((.((.((.(&).)).)).)).)).))(((((((((((((((((&)))))))))))))))))(((((((&)))))))((((((((((((((((((((((((((&))))))))))))))))))))))))&))((((((((((((((((((((((&))))))))))))))))))))))(((((((((((&)))))))))))(((((((((((((&)))))))))))))((((((((((((((((((((&))))))))))))))))))))((((&))))(((((((((((((((((((((((((((((&))))))))))))))))))))))))&)))))(((((((((((((((((((&)))))))))))))))))))((((((((((((((&))))))))))))))((((((((((&))))))))))(((((((((((((((((((((((&))))))))))))))))))))))).&.)))))))))))))))))))))))))))))))),((((((((((((((((((((((((&((((((((((((((((((((((((&)))))))))))))))))((.((.((.((.((.(&).)).)).)).)).))(((((((((((((((((&)))))))))))))))))(((((((&)))))))((((((((((((((((((((((((((&))))))))))))))))))))))))&))((((((((((((((((((((((&))))))))))))))))))))))(((((((((((&)))))))))))(((((((((((((&)))))))))))))((((((((((((((((((((&))))))))))))))))))))((((&))))(((((((((((((((((((((((((((((&))))))))))))))))))))))))&)))))(((((((((((((((((((&)))))))))))))))))))((((((((((((((&))))))))))))))((((((((((&))))))))))(((((((((((((((((((((((&)))))))))))))))))))))))(&).))))))))))))))))))))))))))))))),False,"{'GC': 274, 'AU': 0, 'GU': 0, 'Other': 0}","{'GC': 275, 'AU': 0, 'GU': 0, 'Other': 0}",False,1
22,1,2,20,"CAGCAGCAGCAGCAGCAG,CCGCCGCCGCCGCCGCCG,CGGCGGCGGCGGCGGCGGCGGCGGCGGCGGCGGCGGCGG,CAGCAGCAGCAGCAGCAGCAGCAGCAGCAGCAGCAGCAG,UAGUAGUAGUAGUAGUAGUAGUAGUAGUAG,CCGCCGCCGCCGCCGCCGCCGCCG,GAUGAUGAUGAUGAUGAUGAUGAUGAU,CUGCUGCUGCUGCUGCUGCUGCUG",3 6 6 3 6 6 3 6 3 6 3 6 6 3 6 3 6 6 3,CGGCGGCGGCGGCGGCGGCGGCGGCGGCGGCGGCGGCGG&CCGCCGCCGCCGCCGCCGCCGCCG&CCGCCGCCGCCGCCGCCGCCGCCG&CGGCGGCGGCGGCGGCGGCGGCGGCGGCGGCGGCGGCGG&CCGCCGCCGCCGCCGCCGCCGCCG&CCGCCGCCGCCGCCGCCGCCGCCG&CGGCGGCGGCGGCGGCGGCGGCGGCGGCGGCGGCGGCGG&CCGCCGCCGCCGCCGCCGCCGCCG&CGGCGGCGGCGGCGGCGGCGGCGGCGGCGGCGGCGGCGG&CCGCCGCCGCCGCCGCCGCCGCCG&CGGCGGCGGCGGCGGCGGCGGCGGCGGCGGCGGCGGCGG&CCGCCGCCGCCGCCGCCGCCGCCG&CCGCCGCCGCCGCCGCCGCCGCCG&CGGCGGCGGCGGCGGCGGCGGCGGCGGCGGCGGCGGCGG&CCGCCGCCGCCGCCGCCGCCGCCG&CGGCGGCGGCGGCGGCGGCGGCGGCGGCGGCGGCGGCGG&CCGCCGCCGCCGCCGCCGCCGCCG&CCGCCGCCGCCGCCGCCGCCGCCG&CGGCGGCGGCGGCGGCGGCGGCGGCGGCGGCGGCGGCGG,-758.2,-711.2,-47.0,False,854.584507226944,0.1877803802490234,.((((((((((((((((((((((((((((((((((((((&))))))))))))))))))))))))&))))))))))))))((((((((((&))))))))))(((((((((((((((((((((((((((((&))))))))))))))))))))))))&)))))(((((((((((((((((((&)))))))))))))))))))((((((((((((((((((((&))))))))))))))))))))((((&)))).((.((.((.(((((((((((((((((((((((((&))))))))))))))))))))))))&).)).)).))(((((((((((((((((((((((((((((&))))))))))))))))))))))))&)))))(((((((((((((((((((&)))))))))))))))))))((((((((((((((((((((&))))))))))))))))))))((((&))))(((((((((((((((((((((((((((((((((((&))))))))))))))))))))))))&))))))))))).............&.......................................,((.((((((((((((((((((((((((((((((((((((&))))))))))))))))))))))))&))))))))))((((((((((((((&)))))))))))))).((((((((((((((((((((((((&))))))))))))))))))))))))&((((((((((((((((((((((((&)))))))))))))))))))))))))).))((((((((((&))))))))((((((((((((((((&))))))))))))))))(((((((((((((((((((((((&))))))))))))))))))))))).&((((.((.((.((.(((((((((((((((((((((((((&))))))))))))))))))))))))&((((((((((((((((((((((((&))))))))))))))))))))))))).)).)).)).))..&((((((((((((((((((((((((&))))))))))))))))))))))))))))(((((((((((&)))))))))))(((((((((((((&((((((((((((((((((((((((&)))))))))))))))))))))))))))))))))))))..,False,"{'GC': 258, 'AU': 0, 'GU': 0, 'Other': 0}","{'GC': 280, 'AU': 0, 'GU': 0, 'Other': 0}",False,22
22,2,2,20,"CAGCAGCAGCAGCAGCAG,CCGCCGCCGCCGCCGCCG,CGGCGGCGGCGGCGGCGGCGGCGGCGGCGGCGGCGGCGG,CAGCAGCAGCAGCAGCAGCAGCAGCAGCAGCAGCAGCAG,UAGUAGUAGUAGUAGUAGUAGUAGUAGUAG,CCGCCGCCGCCGCCGCCGCCGCCG,GAUGAUGAUGAUGAUGAUGAUGAUGAU,CUGCUGCUGCUGCUGCUGCUGCUG",6 3 6 3 6 6 3 6 3 6 3 6 6 3 6 3 6 6 3,CCGCCGCCGCCGCCGCCGCCGCCG&CGGCGGCGGCGGCGGCGGCGGCGGCGGCGGCGGCGGCGG&CCGCCGCCGCCGCCGCCGCCGCCG&CGGCGGCGGCGGCGGCGGCGGCGGCGGCGGCGGCGGCGG&CCGCCGCCGCCGCCGCCGCCGCCG&CCGCCGCCGCCGCCGCCGCCGCCG&CGGCGGCGGCGGCGGCGGCGGCGGCGGCGGCGGCGGCGG&CCGCCGCCGCCGCCGCCGCCGCCG&CGGCGGCGGCGGCGGCGGCGGCGGCGGCGGCGGCGGCGG&CCGCCGCCGCCGCCGCCGCCGCCG&CGGCGGCGGCGGCGGCGGCGGCGGCGGCGGCGGCGGCGG&CCGCCGCCGCCGCCGCCGCCGCCG&CCGCCGCCGCCGCCGCCGCCGCCG&CGGCGGCGGCGGCGGCGGCGGCGGCGGCGGCGGCGGCGG&CCGCCGCCGCCGCCGCCGCCGCCG&CGGCGGCGGCGGCGGCGGCGGCGGCGGCGGCGGCGGCGG&CCGCCGCCGCCGCCGCCGCCGCCG&CCGCCGCCGCCGCCGCCGCCGCCG&CGGCGGCGGCGGCGGCGGCGGCGGCGGCGGCGGCGGCGG,-758.2,-711.2,-47.0,False,854.584507226944,0.1900897026062011,((((((((((((((((((((((((&)))))))))))))))))))))))).((((((((((((((&))))))))))))))((((((((((&))))))))))(((((((((((((((((((((((((((((&))))))))))))))))))))))))&)))))(((((((((((((((((((&)))))))))))))))))))((((((((((((((((((((&))))))))))))))))))))((((&)))).((.((.((.(((((((((((((((((((((((((&))))))))))))))))))))))))&).)).)).))(((((((((((((((((((((((((((((&))))))))))))))))))))))))&)))))(((((((((((((((((((&)))))))))))))))))))((((((((((((((((((((&))))))))))))))))))))((((&))))(((((((((((((((((((((((((((((((((((&))))))))))))))))))))))))&))))))))))).............&.......................................,((((((((((((((((((((((((&))))))))))))))))))))))))((.((((((((((((&))))))))))((((((((((((((&)))))))))))))).((((((((((((((((((((((((&))))))))))))))))))))))))&((((((((((((((((((((((((&)))))))))))))))))))))))))).))((((((((((&))))))))((((((((((((((((&))))))))))))))))(((((((((((((((((((((((&))))))))))))))))))))))).&((((.((.((.((.(((((((((((((((((((((((((&))))))))))))))))))))))))&((((((((((((((((((((((((&))))))))))))))))))))))))).)).)).)).))..&((((((((((((((((((((((((&))))))))))))))))))))))))))))(((((((((((&)))))))))))(((((((((((((&((((((((((((((((((((((((&)))))))))))))))))))))))))))))))))))))..,False,"{'GC': 258, 'AU': 0, 'GU': 0, 'Other': 0}","{'GC': 280, 'AU': 0, 'GU': 0, 'Other': 0}",False,22
23,1,1,20,"CUGCUGCUGCUGCUGCUGCUGCUGCUG,CUGCUGCUGCUGCUGCUGCUGCUGCUGCUG,GAUGAUGAUGAUGAUGAUGAUGAUGAUGAUGAU,GAUGAUGAUGAUGAUGAUGAUGAUGAUGAU,UAGUAGUAGUAGUAGUAGUAGUAGUAGUAGUAGUAGUAGUAG,GAUGAUGAUGAUGAUGAUGAUGAUGAUGAU,CAGCAGCAGCAGCAGCAGCAGCAGCAGCAGCAGCAG,CAGCAGCAGCAGCAGCAGCAGCAGCAGCAGCAG,CUGCUGCUGCUGCUGCUGCUGCUGCUG,UAGUAGUAGUAGUAGUAGUAGUAGUAGUAGUAG,CCGCCGCCGCCGCCGCCGCCGCCGCCGCCGCCG",2 2 7 2 7 2 7 2 2 7 2 7 2 7 2 7 2 7 5,CUGCUGCUGCUGCUGCUGCUGCUGCUGCUG&CUGCUGCUGCUGCUGCUGCUGCUGCUGCUG&CAGCAGCAGCAGCAGCAGCAGCAGCAGCAGCAGCAG&CUGCUGCUGCUGCUGCUGCUGCUGCUGCUG&CAGCAGCAGCAGCAGCAGCAGCAGCAGCAGCAGCAG&CUGCUGCUGCUGCUGCUGCUGCUGCUGCUG&CAGCAGCAGCAGCAGCAGCAGCAGCAGCAGCAGCAG&CUGCUGCUGCUGCUGCUGCUGCUGCUGCUG&CUGCUGCUGCUGCUGCUGCUGCUGCUGCUG&CAGCAGCAGCAGCAGCAGCAGCAGCAGCAGCAGCAG&CUGCUGCUGCUGCUGCUGCUGCUGCUGCUG&CAGCAGCAGCAGCAGCAGCAGCAGCAGCAGCAGCAG&CUGCUGCUGCUGCUGCUGCUGCUGCUGCUG&CAGCAGCAGCAGCAGCAGCAGCAGCAGCAGCAGCAG&CUGCUGCUGCUGCUGCUGCUGCUGCUGCUG&CAGCAGCAGCAGCAGCAGCAGCAGCAGCAGCAGCAG&CUGCUGCUGCUGCUGCUGCUGCUGCUGCUG&CAGCAGCAGCAGCAGCAGCAGCAGCAGCAGCAGCAG&UAGUAGUAGUAGUAGUAGUAGUAGUAGUAGUAGUAGUAGUAG,-677.6,-628.9,-48.700000000000045,False,3730.5765731334686,0.1795096397399902,..............................&...........(((((((((((((((((((&)))))))))))))))))))(((((((((((((((((&)))))))))))))))))(((((((((((((&)))))))))))))(((((((((((((((((((((((&)))))))))))))))))))))))(((((((&)))))))(((((((((((((((((((((((((((((&)))))))))))))))))))))))))))))(&)(((((((((((((((((((((((((((((&)))))))))))))))))))))))))))))(((((((&)))))))(((((((((((((((((((((((&)))))))))))))))))))))))(((((((((((((&)))))))))))))(((((((((((((((((&)))))))))))))))))(((((((((((((((((((&)))))))))))))))))))(((((((((((&)))))))))))(((((((((((((((((((((((((&)))))))))))))))))))))))))(((((&)))))...............................&..........................................,((((((((((((((((((((((((((((((&((((((((((((((((((((((((((((((&)))))))))))))))))))(((((((((((((((((&)))))))))))))))))(((((((((((((&)))))))))))))(((((((((((((((((((((((&)))))))))))))))))))))))(((((((&)))))))(((((((((((((((((((((((((((((&)))))))))))))))))))))))))))))(&).((((((((((((((((((((((((((((&))))))))))))))))))))))))))))((((((((&))))))))((((((((((((((((((((((&))))))))))))))))))))))((((((((((((((&))))))))))))))((((((((((((((((&))))))))))))))))((((((((((((((((((((&))))))))))))))))))))((((((((((&))))))))))((((((((((((((((((((((((((&))))))))))))))))))))))))))((((&))))))))))))))))))))))))))))))))))).&((.((.((.((.((....)).)).)).)).)))))))))))),False,"{'GC': 172, 'AU': 86, 'GU': 0, 'Other': 0}","{'GC': 196, 'AU': 109, 'GU': 3, 'Other': 0}",False,50
24,1,1,5,"CUGCUGCUGCUGCUGCUGCUGCUG,CAGCAGCAGCAGCAGCAGCAG,GAUGAUGAUGAUGAUGAUGAUGAU,GAUGAUGAUGAUGAUGAUGAUGAU,UAGUAGUAGUAGUAGUAGUAG",2 2 1 2 1,CAGCAGCAGCAGCAGCAGCAG&CAGCAGCAGCAGCAGCAGCAG&CUGCUGCUGCUGCUGCUGCUGCUG&CAGCAGCAGCAGCAGCAGCAG&CUGCUGCUGCUGCUGCUGCUGCUG,-94.3,-94.3,0.0,False,5.386274814605713,0.008807897567749,((((((((((((((((.((..&..)).)).(((((((((((((&)))))))))))))(((((((((((&)))))))))))..........&..........)))))))))))))),((((((((((((((((.((..&..)).)).(((((((((((((&)))))))))))))(((((((((((&)))))))))))((((((((((&)))))))))))))))))))))))),False,"{'GC': 29, 'AU': 13, 'GU': 0, 'Other': 0}","{'GC': 36, 'AU': 16, 'GU': 0, 'Other': 0}",False,10
25,3,3,5,"CUGCUGCUGCUGCUGCUGCUGCUGCUGCUGCUGCUG,UAGUAGUAGUAGUAGUAGUAGUAGUAG,UAGUAGUAGUAGUAGUAGUAGUAGUAGUAGUAGUAG,GAUGAUGAUGAUGAUGAUGAUGAUGAUGAUGAUGAU,GAUGAUGAUGAUGAUGAU",3 1 1 3 1,UAGUAGUAGUAGUAGUAGUAGUAGUAGUAGUAGUAG&CUGCUGCUGCUGCUGCUGCUGCUGCUGCUGCUGCUG&CUGCUGCUGCUGCUGCUGCUGCUGCUGCUGCUGCUG&UAGUAGUAGUAGUAGUAGUAGUAGUAGUAGUAGUAG&CUGCUGCUGCUGCUGCUGCUGCUGCUGCUGCUGCUG,-120.9,-120.9,0.0,False,14.292035818099976,0.0183255672454834,.(((((((((((((((((((((((((((((((((((&)))))))))))))))))))))))))))))))))))(&).((.((.((.((.((....)).)).)).)).)).(&)(((((((((((((((((((((((((((((((((((&))))))))))))))))))))))))))))))))))).,.(((((((((((((((((((((((((((((((((((&)))))))))))))))))))))))))))))))))))(&).((((((((((((((((((((((((((((((((((&))))))))))))))))))))))))))))))))))((&))((.((.((.((.((....)).)).)).)).))..,False,"{'GC': 35, 'AU': 24, 'GU': 23, 'Other': 0}","{'GC': 35, 'AU': 24, 'GU': 23, 'Other': 0}",True,0
26,1,2,5,"CUGCUGCUGCUGCUGCUGCUGCUGCUGCUGCUGCUGCUG,CCGCCGCCGCCGCCGCCGCCGCCGCCGCCGCCGCCG,CUGCUGCUGCUGCUGCUGCUG,UAGUAGUAGUAGUAGUAGUAGUAGUAGUAGUAG,UAGUAGUAGUAGUAGUAGUAGUAG,CGGCGGCGGCGGCGGCGG,CUGCUGCUGCUGCUGCUGCUGCUGCUGCUGCUGCUGCUG,CGGCGGCGGCGGCGGCGGCGGCGGCGGCGGCGGCGGCGG",2 8 8 2 8,CCGCCGCCGCCGCCGCCGCCGCCGCCGCCGCCGCCG&CGGCGGCGGCGGCGGCGGCGGCGGCGGCGGCGGCGGCGG&CGGCGGCGGCGGCGGCGGCGGCGGCGGCGGCGGCGGCGG&CCGCCGCCGCCGCCGCCGCCGCCGCCGCCGCCGCCG&CGGCGGCGGCGGCGGCGGCGGCGGCGGCGGCGGCGGCGG,-219.4,-219.4,0.0,False,57.72576713562012,0.03001070022583,((((((((((((((((((((((((((((((((((((&))))))))))))))))))))))))))))))))))))((.&)).((((.((.((.((.((....)).)).)).)).))..&((((((((((((((((((((((((((((((((((((&)))))))))))))))))))))))))))))))))))))).,((((((((((((((((((((((((((((((((((((&))))))))))))))))))))))))))))))))))))((.&((.((((((((((((((((((((((((((((((((((((&))))))))))))))))))))))))))))))))))))&)).))((.((.((.((.((....)).)).)).)).))..,False,"{'GC': 86, 'AU': 0, 'GU': 0, 'Other': 0}","{'GC': 86, 'AU': 0, 'GU': 0, 'Other': 0}",True,0
26,2,2,5,"CUGCUGCUGCUGCUGCUGCUGCUGCUGCUGCUGCUGCUG,CCGCCGCCGCCGCCGCCGCCGCCGCCGCCGCCGCCG,CUGCUGCUGCUGCUGCUGCUG,UAGUAGUAGUAGUAGUAGUAGUAGUAGUAGUAG,UAGUAGUAGUAGUAGUAGUAGUAG,CGGCGGCGGCGGCGGCGG,CUGCUGCUGCUGCUGCUGCUGCUGCUGCUGCUGCUGCUG,CGGCGGCGGCGGCGGCGGCGGCGGCGGCGGCGGCGGCGG",8 2 8 2 8,CGGCGGCGGCGGCGGCGGCGGCGGCGGCGGCGGCGGCGG&CCGCCGCCGCCGCCGCCGCCGCCGCCGCCGCCGCCG&CGGCGGCGGCGGCGGCGGCGGCGGCGGCGGCGGCGGCGG&CCGCCGCCGCCGCCGCCGCCGCCGCCGCCGCCGCCG&CGGCGGCGGCGGCGGCGGCGGCGGCGGCGGCGGCGGCGG,-219.4,-219.4,0.0,False,57.72576713562012,0.0239989757537841,((.((((((((((((((((((((((((((((((((((((&))))))))))))))))))))))))))))))))))))&)).((((.((.((.((.((....)).)).)).)).))..&((((((((((((((((((((((((((((((((((((&)))))))))))))))))))))))))))))))))))))).,((.((((((((((((((((((((((((((((((((((((&))))))))))))))))))))))))))))))))))))&((.((((((((((((((((((((((((((((((((((((&))))))))))))))))))))))))))))))))))))&)).))((.((.((.((.((....)).)).)).)).))..,False,"{'GC': 86, 'AU': 0, 'GU': 0, 'Other': 0}","{'GC': 86, 'AU': 0, 'GU': 0, 'Other': 0}",True,0
27,3,4,5,"CGGCGGCGGCGGCGGCGGCGG,CUGCUGCUGCUGCUGCUGCUG,GAUGAUGAUGAUGAUGAUGAUGAUGAUGAUGAUGAU,CGGCGGCGGCGGCGGCGGCGGCGGCGGCGG,CUGCUGCUGCUGCUGCUGCUGCUGCUGCUGCUGCUGCUGCUG,CAGCAGCAGCAGCAGCAGCAGCAG,CCGCCGCCGCCGCCGCCGCCGCCGCCGCCGCCG,GAUGAUGAUGAUGAUGAUGAUGAUGAUGAUGAUGAUGAUGAU,CAGCAGCAGCAGCAGCAGCAGCAGCAGCAGCAGCAGCAGCAG,GAUGAUGAUGAUGAUGAU,CGGCGGCGGCGGCGGCGG",9 5 5 9 5,CAGCAGCAGCAGCAGCAGCAGCAGCAGCAGCAGCAGCAGCAG&CUGCUGCUGCUGCUGCUGCUGCUGCUGCUGCUGCUGCUGCUG&CUGCUGCUGCUGCUGCUGCUGCUGCUGCUGCUGCUGCUGCUG&CAGCAGCAGCAGCAGCAGCAGCAGCAGCAGCAGCAGCAGCAG&CUGCUGCUGCUGCUGCUGCUGCUGCUGCUGCUGCUGCUGCUG,-199.3,-199.3,0.0,False,122.1521933078766,0.0262773036956787,.(((((((((((((((((((((((((((((((((((((((((&)))))))))))))))))))))))))))))))))))))))))(&).((.((.((.((.((.((....)).)).)).)).)).)).(&)(((((((((((((((((((((((((((((((((((((((((&))))))))))))))))))))))))))))))))))))))))).,.(((((((((((((((((((((((((((((((((((((((((&)))))))))))))))))))))))))))))))))))))))))(&)(((((((((((((((((((((((((((((((((((((((((&)))))))))))))))))))))))))))))))))))))))))(&).((.((.((.((.((.((....)).)).)).)).)).))..,False,"{'GC': 68, 'AU': 28, 'GU': 0, 'Other': 0}","{'GC': 68, 'AU': 28, 'GU': 0, 'Other': 0}",True,0
28,1,1,5,"CAGCAGCAGCAGCAGCAGCAGCAGCAGCAGCAGCAGCAG,CUGCUGCUGCUGCUGCUGCUGCUGCUGCUGCUGCUGCUGCUGCUGCUG,CGGCGGCGGCGGCGGCGGCGGCGGCGGCGGCGGCGGCGGCGGCGGCGGCGGCGG,CCGCCGCCGCCGCCGCCGCCGCCGCCGCCGCCGCCGCCGCCGCCG,CGGCGGCGGCGGCGGCGGCGGCGGCGGCGGCGGCGGCGGCGGCGGCGGCGG,CCGCCGCCGCCGCCGCCGCCGCCGCCGCCGCCGCCGCCGCCG,CAGCAGCAGCAGCAGCAGCAGCAGCAGCAGCAGCAGCAGCAGCAGCAG,CCGCCGCCGCCGCCGCCGCCGCCGCCGCCGCCGCCG",4 4 3 4 3,CCGCCGCCGCCGCCGCCGCCGCCGCCGCCGCCGCCGCCGCCGCCG&CCGCCGCCGCCGCCGCCGCCGCCGCCGCCGCCGCCGCCGCCGCCG&CGGCGGCGGCGGCGGCGGCGGCGGCGGCGGCGGCGGCGGCGGCGGCGGCGGCGG&CCGCCGCCGCCGCCGCCGCCGCCGCCGCCGCCGCCGCCGCCGCCG&CGGCGGCGGCGGCGGCGGCGGCGGCGGCGGCGGCGGCGGCGGCGGCGGCGGCGG,-306.9,-306.9,0.0,False,181.5899214744568,0.0441367626190185,((((((((((((((((((((((((((((((((((.((.((.((..&..)).)).)).)).(((((((((((((((((((((((((((((((&)))))))))))))))))))))))))))))))(((((((((((((((((((((((&)))))))))))))))))))))))......................&......................)))))))))))))))))))))))))))))))),((((((((((((((((((((((((((((((((((.((.((.((..&..)).)).)).)).(((((((((((((((((((((((((((((((&)))))))))))))))))))))))))))))))(((((((((((((((((((((((&)))))))))))))))))))))))((((((((((((((((((((((&)))))))))))))))))))))))))))))))))))))))))))))))))))))),False,"{'GC': 94, 'AU': 0, 'GU': 0, 'Other': 0}","{'GC': 116, 'AU': 0, 'GU': 0, 'Other': 0}",False,22
29,1,3,5,"CUGCUGCUGCUGCUGCUGCUGCUGCUGCUG,UAGUAGUAGUAGUAGUAGUAGUAGUAGUAG,CUGCUGCUGCUGCUGCUGCUGCUGCUGCUG,CUGCUGCUGCUGCUGCUGCUGCUGCUGCUGCUGCUGCUGCUGCUGCUGCUG,UAGUAGUAGUAGUAGUAGUAGUAGUAGUAGUAG,UAGUAGUAGUAGUAGUAGUAGUAGUAGUAG,CGGCGGCGGCGGCGGCGGCGGCGGCGGCGGCGGCGGCGGCGGCGGCGGCGGCGG,UAGUAGUAGUAGUAGUAGUAGUAGUAGUAGUAGUAGUAGUAGUAGUAGUAG,CUGCUGCUGCUGCUGCUGCUGCUGCUGCUGCUGCUGCUGCUGCUGCUGCUG,UAGUAGUAGUAGUAGUAGUAGUAGUAGUAGUAGUAGUAGUAG,UAGUAGUAGUAGUAGUAGUAGUAGUAGUAGUAGUAGUAGUAGUAGUAGUAGUAG",4 7 7 4 7,CUGCUGCUGCUGCUGCUGCUGCUGCUGCUGCUGCUGCUGCUGCUGCUGCUG&CGGCGGCGGCGGCGGCGGCGGCGGCGGCGGCGGCGGCGGCGGCGGCGGCGGCGG&CGGCGGCGGCGGCGGCGGCGGCGGCGGCGGCGGCGGCGGCGGCGGCGGCGGCGG&CUGCUGCUGCUGCUGCUGCUGCUGCUGCUGCUGCUGCUGCUGCUGCUGCUG&CGGCGGCGGCGGCGGCGGCGGCGGCGGCGGCGGCGGCGGCGGCGGCGGCGGCGG,-247.6,-247.6,0.0,False,351.4370641708374,0.0473909378051757,(((((((((((((((((((((((((((((((((((((((((((((((((((&)))))))))))))))))))))))))))))))))))))))))))))))))))((.&))((.((.((.((.((.((.((.((....)).)).)).)).)).)).)).)).(&(((((((((((((((((((((((((((((((((((((((((((((((((((&))))))))))))))))))))))))))))))))))))))))))))))))))))..,(((((((((((((((((((((((((((((((((((((((((((((((((((&)))))))))))))))))))))))))))))))))))))))))))))))))))((.&))((((((((((((((((((((((((((((((((((((((((((((((((((((&)))))))))))))))))))))))))))))))))))))))))))))))))))&).((.((.((.((.((.((.((.((....)).)).)).)).)).)).)).))..,False,"{'GC': 87, 'AU': 0, 'GU': 34, 'Other': 0}","{'GC': 87, 'AU': 0, 'GU': 34, 'Other': 0}",True,0
29,3,3,5,"CUGCUGCUGCUGCUGCUGCUGCUGCUGCUG,UAGUAGUAGUAGUAGUAGUAGUAGUAGUAG,CUGCUGCUGCUGCUGCUGCUGCUGCUGCUG,CUGCUGCUGCUGCUGCUGCUGCUGCUGCUGCUGCUGCUGCUGCUGCUGCUG,UAGUAGUAGUAGUAGUAGUAGUAGUAGUAGUAG,UAGUAGUAGUAGUAGUAGUAGUAGUAGUAG,CGGCGGCGGCGGCGGCGGCGGCGGCGGCGGCGGCGGCGGCGGCGGCGGCGGCGG,UAGUAGUAGUAGUAGUAGUAGUAGUAGUAGUAGUAGUAGUAGUAGUAGUAG,CUGCUGCUGCUGCUGCUGCUGCUGCUGCUGCUGCUGCUGCUGCUGCUGCUG,UAGUAGUAGUAGUAGUAGUAGUAGUAGUAGUAGUAGUAGUAG,UAGUAGUAGUAGUAGUAGUAGUAGUAGUAGUAGUAGUAGUAGUAGUAGUAGUAG",9 7 7 4 7,CUGCUGCUGCUGCUGCUGCUGCUGCUGCUGCUGCUGCUGCUGCUGCUGCUG&CGGCGGCGGCGGCGGCGGCGGCGGCGGCGGCGGCGGCGGCGGCGGCGGCGGCGG&CGGCGGCGGCGGCGGCGGCGGCGGCGGCGGCGGCGGCGGCGGCGGCGGCGGCGG&CUGCUGCUGCUGCUGCUGCUGCUGCUGCUGCUGCUGCUGCUGCUGCUGCUG&CGGCGGCGGCGGCGGCGGCGGCGGCGGCGGCGGCGGCGGCGGCGGCGGCGGCGG,-247.6,-247.6,0.0,False,351.4370641708374,0.0478847026824951,(((((((((((((((((((((((((((((((((((((((((((((((((((&)))))))))))))))))))))))))))))))))))))))))))))))))))((.&))((.((.((.((.((.((.((.((....)).)).)).)).)).)).)).)).(&(((((((((((((((((((((((((((((((((((((((((((((((((((&))))))))))))))))))))))))))))))))))))))))))))))))))))..,(((((((((((((((((((((((((((((((((((((((((((((((((((&)))))))))))))))))))))))))))))))))))))))))))))))))))((.&))((((((((((((((((((((((((((((((((((((((((((((((((((((&)))))))))))))))))))))))))))))))))))))))))))))))))))&).((.((.((.((.((.((.((.((....)).)).)).)).)).)).)).))..,False,"{'GC': 87, 'AU': 0, 'GU': 34, 'Other': 0}","{'GC': 87, 'AU': 0, 'GU': 34, 'Other': 0}",True,0
30,1,1,8,"CAG,CGGCGGCGGCGGCGGCGGCGGCGGCGG",2 2 2 2 2 2 2 2,CGGCGGCGGCGGCGGCGGCGGCGGCGG&CGGCGGCGGCGGCGGCGGCGGCGGCGG&CGGCGGCGGCGGCGGCGGCGGCGGCGG&CGGCGGCGGCGGCGGCGGCGGCGGCGG&CGGCGGCGGCGGCGGCGGCGGCGGCGG&CGGCGGCGGCGGCGGCGGCGGCGGCGG&CGGCGGCGGCGGCGGCGGCGGCGGCGG&CGGCGGCGGCGGCGGCGGCGGCGGCGG,-129.3,-129.3,0.0,False,0.4426264762878418,0.0250539779663085,((((.((.((.((.((.((.((.((.(&).)).)).)).)).)).)).)).))..&))((.((.((.((.((.((.((.((..&((((.((.((.((.((.((.((.((..&((((.((.((.((.((.((.((.((.(&).)).)).)).)).)).)).)).))..&)))).)).)).)).)).)).)).))..&)))).)).)).)).)).)).)).))..,((((.((.((.((.((.((.((.((..&((((.((.((.((.((.((.((.((..&((((.((.((.((.((.((.((.((.(&).)).)).)).)).)).)).)).))..&)))).)).)).)).)).)).)).))..&)))).)).)).)).)).)).)).))..&))((.((.((.((.((.((.((.((.(&).)).)).)).)).)).)).)).))..,False,"{'GC': 72, 'AU': 0, 'GU': 0, 'Other': 0}","{'GC': 72, 'AU': 0, 'GU': 0, 'Other': 0}",True,0
31,1,1,8,"CAGCAGCAGCAGCAGCAG,CAGCAGCAGCAG,GAUGAUGAUGAUGAUGAU,CUGCUGCUGCUG,GAU",4 4 1 4 1 4 4 1,CUGCUGCUGCUG&CUGCUGCUGCUG&CAGCAGCAGCAGCAGCAG&CUGCUGCUGCUG&CAGCAGCAGCAGCAGCAG&CUGCUGCUGCUG&CUGCUGCUGCUG&CAGCAGCAGCAGCAGCAG,-87.5,-87.5,0.0,False,2.758899211883545,0.0095136165618896,(((((((((((.&..((((((((((&))))))))))((((((((&))))))))((((&))))((((((((((((((&))))))))))..&.))))(((((((&)))))))))))))))))),(((((((((((.&.(((((((((((&)))))))))))(((((((&)))).(((((((&)))))))(((((((((((&))))))))))).&.))).(((((((&)))))))))))))))))),False,"{'GC': 36, 'AU': 18, 'GU': 0, 'Other': 0}","{'GC': 36, 'AU': 18, 'GU': 0, 'Other': 0}",True,0
32,1,2,8,"CUGCUGCUG,CAGCAG,CAGCAGCAGCAGCAGCAG,CGGCGGCGG,CGGCGGCGGCGGCGGCGG,CUGCUGCUGCUGCUG,GAUGAUGAUGAUGAUGAUGAUGAUGAU,CGGCGGCGG",3 6 6 3 6 3 6 7,CAGCAGCAGCAGCAGCAG&CUGCUGCUGCUGCUG&CUGCUGCUGCUGCUG&CAGCAGCAGCAGCAGCAG&CUGCUGCUGCUGCUG&CAGCAGCAGCAGCAGCAG&CUGCUGCUGCUGCUG&GAUGAUGAUGAUGAUGAUGAUGAUGAU,-92.0,-92.0,0.0,False,15.40648078918457,0.0105185508728027,((((((((((((((((((&)))))))))))))..&.)))))(.(((((((&)))))))(((((((((((&)))))))))))((((&))))((((((((((((((&)))))))))))))).&)((.((.((.((....)).)).)).)),((((((((((((((((((&)))))))))))))..&.((((((((((((((&))))))))))))))((((&))))(((((((((((&)))))))))))(((((((&))))))))))))(..&)((.((.((.((....)).)).)).)),False,"{'GC': 37, 'AU': 26, 'GU': 0, 'Other': 0}","{'GC': 37, 'AU': 26, 'GU': 0, 'Other': 0}",True,0
32,2,2,8,"CUGCUGCUG,CAGCAG,CAGCAGCAGCAGCAGCAG,CGGCGGCGG,CGGCGGCGGCGGCGGCGG,CUGCUGCUGCUGCUG,GAUGAUGAUGAUGAUGAUGAUGAUGAU,CGGCGGCGG",6 3 6 3 6 3 6 7,CUGCUGCUGCUGCUG&CAGCAGCAGCAGCAGCAG&CUGCUGCUGCUGCUG&CAGCAGCAGCAGCAGCAG&CUGCUGCUGCUGCUG&CAGCAGCAGCAGCAGCAG&CUGCUGCUGCUGCUG&GAUGAUGAUGAUGAUGAUGAUGAUGAU,-92.0,-92.0,0.0,False,15.40648078918457,0.0085813999176025,...(.((((((((((&))))))))))((((((((&))))))))(((((((&)))))))(((((((((((&)))))))))))((((&))))((((((((((((((&)))))))))))))).&)((.((.((.((....)).)).)).)),.((((((((((((((&))))))))))))))((((&))))(((((((((((&)))))))))))(((((((&)))))))((((((((&))))))))((((((((((&))))))))))..(..&)((.((.((.((....)).)).)).)),False,"{'GC': 37, 'AU': 26, 'GU': 0, 'Other': 0}","{'GC': 37, 'AU': 26, 'GU': 0, 'Other': 0}",True,0
33,1,1,8,"CCGCCGCCGCCGCCGCCGCCGCCGCCGCCGCCGCCGCCG,UAGUAGUAGUAGUAGUAGUAGUAGUAGUAGUAGUAGUAG",1 1 1 1 1 1 1 1,CCGCCGCCGCCGCCGCCGCCGCCGCCGCCGCCGCCGCCG&CCGCCGCCGCCGCCGCCGCCGCCGCCGCCGCCGCCGCCG&CCGCCGCCGCCGCCGCCGCCGCCGCCGCCGCCGCCGCCG&CCGCCGCCGCCGCCGCCGCCGCCGCCGCCGCCGCCGCCG&CCGCCGCCGCCGCCGCCGCCGCCGCCGCCGCCGCCGCCG&CCGCCGCCGCCGCCGCCGCCGCCGCCGCCGCCGCCGCCG&CCGCCGCCGCCGCCGCCGCCGCCGCCGCCGCCGCCGCCG&CCGCCGCCGCCGCCGCCGCCGCCGCCGCCGCCGCCGCCG,-119.7,-119.7,0.0,False,6.509963035583496,0.0528080463409423,..((.((.((.((.((.((.((.((.((.((.((.((..&..)).)).)).)).)).)).)).)).)).)).)).))((&..((.((.((.((.((.((.((.((.((.((.((.((((&..((.((.((.((.((.((.((.((.((.((.((.((((&..((.((.((.((.((.((.((.((.((.((.((.((..&..)).)).)).)).)).)).)).)).)).)).)).))))&..)).)).)).)).)).)).)).)).)).)).)).))))&..)).)).)).)).)).)).)).)).)).)).)).)))),..((.((.((.((.((.((.((.((.((.((.((.((((&..((.((.((.((.((.((.((.((.((.((.((.((((&..((.((.((.((.((.((.((.((.((.((.((.((((&..((.((.((.((.((.((.((.((.((.((.((.((..&..)).)).)).)).)).)).)).)).)).)).)).))))&..)).)).)).)).)).)).)).)).)).)).)).))))&..)).)).)).)).)).)).)).)).)).)).)).))))&..)).)).)).)).)).)).)).)).)).)).)).))..,False,"{'GC': 102, 'AU': 0, 'GU': 0, 'Other': 0}","{'GC': 102, 'AU': 0, 'GU': 0, 'Other': 0}",True,0
34,1,2,8,"GAUGAUGAUGAUGAUGAUGAUGAUGAUGAUGAUGAUGAUGAUGAUGAUGAUGAU,CCGCCGCCGCCGCCGCCGCCGCCGCCGCCGCCGCCGCCGCCGCCGCCG,CCGCCGCCGCCGCCGCCGCCGCCGCCGCCGCCGCCGCCG,GAUGAUGAUGAUGAUGAUGAUGAUGAUGAU,CGGCGGCGGCGGCGGCGGCGGCGGCGGCGGCGGCGGCGGCGGCGGCGG",2 5 5 2 5 2 5 1,CCGCCGCCGCCGCCGCCGCCGCCGCCGCCGCCGCCGCCGCCGCCGCCG&CGGCGGCGGCGGCGGCGGCGGCGGCGGCGGCGGCGGCGGCGGCGGCGG&CGGCGGCGGCGGCGGCGGCGGCGGCGGCGGCGGCGGCGGCGGCGGCGG&CCGCCGCCGCCGCCGCCGCCGCCGCCGCCGCCGCCGCCGCCGCCGCCG&CGGCGGCGGCGGCGGCGGCGGCGGCGGCGGCGGCGGCGGCGGCGGCGG&CCGCCGCCGCCGCCGCCGCCGCCGCCGCCGCCGCCGCCGCCGCCGCCG&CGGCGGCGGCGGCGGCGGCGGCGGCGGCGGCGGCGGCGGCGGCGGCGG&GAUGAUGAUGAUGAUGAUGAUGAUGAUGAUGAUGAUGAUGAUGAUGAUGAUGAU,-431.3,-431.3,0.0,False,126.82022738456726,0.0938978195190429,((((((((((((((((((((((((((((((((((((((((((((((((&))))))))))))))))))))))))).((.((.((.((.((.((.((.(&).)).)).)).)).)).)).))((((((((((((((((((((((((((&))))))))))))))))))))))))))((((((((((((((((((((((&))))))))))))))))))))))((((((((((((((((((((((((((&))))))))))))))))))))))))))......................&......................)))))))))))))))))))))))((.&..))((.((.((.((.((.((.((.((....)).)).)).)).)).)).)).)),((((((((((((((((((((((((((((((((((((((((((((((((&))))))))))))))))))))))))).((.((.((.((.((.((.((.(&).)).)).)).)).)).)).))((((((((((((((((((((((((((&))))))))))))))))))))))))))((((((((((((((((((((((&))))))))))))))))))))))((((((((((((((((((((((((((&))))))))))))))))))))))))))((((((((((((((((((((((&)))))))))))))))))))))))))))))))))))))))))))))((.&..))((.((.((.((.((.((.((.((....)).)).)).)).)).)).)).)),False,"{'GC': 138, 'AU': 16, 'GU': 1, 'Other': 0}","{'GC': 160, 'AU': 16, 'GU': 1, 'Other': 0}",False,22
35,2,2,11,"CCGCCGCCGCCG,GAUGAUGAUGAUGAUGAUGAUGAUGAU",2 1 2 2 2 2 2 2 2 2 2,GAUGAUGAUGAUGAUGAUGAUGAUGAU&CCGCCGCCGCCG&GAUGAUGAUGAUGAUGAUGAUGAUGAU&GAUGAUGAUGAUGAUGAUGAUGAUGAU&GAUGAUGAUGAUGAUGAUGAUGAUGAU&GAUGAUGAUGAUGAUGAUGAUGAUGAU&GAUGAUGAUGAUGAUGAUGAUGAUGAU&GAUGAUGAUGAUGAUGAUGAUGAUGAU&GAUGAUGAUGAUGAUGAUGAUGAUGAU&GAUGAUGAUGAUGAUGAUGAUGAUGAU&GAUGAUGAUGAUGAUGAUGAUGAUGAU,-31.5,-31.5,0.0,False,1.5996248722076416,0.0379798412322998,.((.((.((.((.((.((.((.((.((&....(.((.((.&)((.((.((.((.((.((.((.((.((&.)).)).)).)).)).)).)).)).))&)((.((.((.((.((.((.((.((.((&.)).)).)).)).)).)).)).)).))&)((.((.((.((.((.((.((.((.((&.)).)).)).)).)).)).)).)).))&)((.((.((.((.((.((.((.((.((&.)).)).)).)).)).)).)).)).))&))).)).)).)).)).)).)).)).)),.((.((.((.((.((.((.((.((.((&(.....((.((.&)((.((.((.((.((.((.((.((.((&.)).)).)).)).)).)).)).)).))&)((.((.((.((.((.((.((.((.((&.)).)).)).)).)).)).)).)).))&)((.((.((.((.((.((.((.((.((&.)).)).)).)).)).)).)).)).))&)((.((.((.((.((.((.((.((.((&.)).)).)).)).)).)).)).)).))&))).)).)).)).)).)).)).)).)),False,"{'GC': 5, 'AU': 90, 'GU': 0, 'Other': 0}","{'GC': 5, 'AU': 90, 'GU': 0, 'Other': 0}",True,0
36,1,1,11,"CUGCUGCUGCUGCUGCUGCUGCUG,CCGCCGCCGCCGCCG,CCGCCGCCGCCGCCGCCGCCG,CCGCCGCCGCCG,CCGCCGCCGCCGCCGCCGCCG",1 1 1 1 1 1 1 1 1 1 1,CUGCUGCUGCUGCUGCUGCUGCUG&CUGCUGCUGCUGCUGCUGCUGCUG&CUGCUGCUGCUGCUGCUGCUGCUG&CUGCUGCUGCUGCUGCUGCUGCUG&CUGCUGCUGCUGCUGCUGCUGCUG&CUGCUGCUGCUGCUGCUGCUGCUG&CUGCUGCUGCUGCUGCUGCUGCUG&CUGCUGCUGCUGCUGCUGCUGCUG&CUGCUGCUGCUGCUGCUGCUGCUG&CUGCUGCUGCUGCUGCUGCUGCUG&CUGCUGCUGCUGCUGCUGCUGCUG,-78.0,-78.0,0.0,True,19.47584652900696,0.0416886806488037,.....((.((.((.((.((.((..&..)).)).)).((.((.((.((..&..)).)).)).)).((.((.((..&..)).)).)).((.((.((.((..&..)).)).)).)).((.((.((..&..)).)).)).((.((.((.((..&..)).)).)).)).((.((.((..&..)).)).)).((.((.((.((..&..)).)).)).)).((.((.((..&..)).)).)).((.((.((.((..&..)).)).)).)).)).)).))..,..((.((.((.((.((.((.((..&..)).)).)).)).((.((.((..&..)).)).)).((.((.((.((..&..)).)).)).)).((.((.((..&..)).)).)).((.((.((.((..&..)).)).)).)).((.((.((..&..)).)).)).((.((.((.((..&..)).)).)).)).((.((.((..&..)).)).)).((.((.((.((..&..)).)).)).)).((.((.((..&..)).)).)).)).)).)).....,Same with inverse,0,0,0,0
37,1,1,11,"GAUGAUGAUGAUGAUGAUGAUGAU,CCGCCGCCGCCGCCGCCGCCGCCGCCGCCGCCGCCG,CCGCCGCCGCCGCCGCCGCCGCCGCCGCCG,UAGUAGUAGUAGUAGUAGUAGUAGUAGUAGUAG,UAGUAGUAGUAGUAGUAGUAGUAGUAGUAG",2 2 2 2 2 2 2 2 2 2 2,CCGCCGCCGCCGCCGCCGCCGCCGCCGCCGCCGCCG&CCGCCGCCGCCGCCGCCGCCGCCGCCGCCGCCGCCG&CCGCCGCCGCCGCCGCCGCCGCCGCCGCCGCCGCCG&CCGCCGCCGCCGCCGCCGCCGCCGCCGCCGCCGCCG&CCGCCGCCGCCGCCGCCGCCGCCGCCGCCGCCGCCG&CCGCCGCCGCCGCCGCCGCCGCCGCCGCCGCCGCCG&CCGCCGCCGCCGCCGCCGCCGCCGCCGCCGCCGCCG&CCGCCGCCGCCGCCGCCGCCGCCGCCGCCGCCGCCG&CCGCCGCCGCCGCCGCCGCCGCCGCCGCCGCCGCCG&CCGCCGCCGCCGCCGCCGCCGCCGCCGCCGCCGCCG&CCGCCGCCGCCGCCGCCGCCGCCGCCGCCGCCGCCG,-143.5,-143.5,0.0,False,87.5681619644165,0.087719440460205,..((.((.((.((.((....)).)).)).)).))((&..((.((.((.((.((.((.((.((.((.((.((((&..((.((.((.((.((.((.((.((.((.((.((((&..((.((.((.((.((.((.((.((.((.((.((((&..((.((.((.((.((.((.((.((.((.((.((((&..((.((.((.((.((.((.((.((.((.((.((..&..)).)).)).)).)).)).)).)).)).)).))))&..)).)).)).)).)).)).)).)).)).)).))))&..)).)).)).)).)).)).)).)).)).)).))))&..)).)).)).)).)).)).)).)).)).)).))))&..)).)).)).)).)).)).)).)).)).)).)))),..((.((.((.((.((.((.((.((.((.((.((((&..((.((.((.((.((.((.((.((.((.((.((((&..((.((.((.((.((.((.((.((.((.((.((((&..((.((.((.((.((.((.((.((.((.((.((((&..((.((.((.((.((.((.((.((.((.((.((((&..((.((.((.((.((....)).)).)).)).))))&..)).)).)).)).)).)).)).)).)).)).))))&..)).)).)).)).)).)).)).)).)).)).))))&..)).)).)).)).)).)).)).)).)).)).))))&..)).)).)).)).)).)).)).)).)).)).))))&..)).)).)).)).)).)).)).)).)).)).))..,False,"{'GC': 130, 'AU': 0, 'GU': 0, 'Other': 0}","{'GC': 130, 'AU': 0, 'GU': 0, 'Other': 0}",True,0
38,1,3,11,"CCGCCGCCGCCGCCGCCGCCGCCG,UAGUAGUAGUAGUAGUAGUAGUAGUAGUAG,CUGCUGCUGCUGCUGCUGCUGCUG,CAGCAGCAGCAGCAGCAGCAGCAGCAGCAGCAGCAGCAG,CCGCCGCCGCCGCCGCCGCCG,CCGCCGCCGCCGCCGCCG,CAGCAGCAGCAGCAGCAGCAGCAGCAGCAGCAGCAG,CGGCGGCGGCGGCGGCGGCGGCGG",3 4 3 3 8 1 8 1 8 1 4,CUGCUGCUGCUGCUGCUGCUGCUG&CAGCAGCAGCAGCAGCAGCAGCAGCAGCAGCAGCAGCAG&CUGCUGCUGCUGCUGCUGCUGCUG&CUGCUGCUGCUGCUGCUGCUGCUG&CGGCGGCGGCGGCGGCGGCGGCGG&CCGCCGCCGCCGCCGCCGCCGCCG&CGGCGGCGGCGGCGGCGGCGGCGG&CCGCCGCCGCCGCCGCCGCCGCCG&CGGCGGCGGCGGCGGCGGCGGCGG&CCGCCGCCGCCGCCGCCGCCGCCG&CAGCAGCAGCAGCAGCAGCAGCAGCAGCAGCAGCAGCAG,-329.6,-329.6,0.0,False,241.5227394104004,0.043811559677124,((((((((((((((((((((((((&))))))))))))))))))))))))..(((((((((((((&)))))))))))))(((((((((((&((((((((((((((((((((((((&.(((((((((((((((((((((((&)))))))))))))))))))))))(&)(((((((((((((((((((((((&)))))))))))))))))))))))(&)(((((((((((((((((((((((&)))))))))))))))))))))))(&)..))))))))))))))))))))))))))))))))))).,((((((((((((((((((((((((&)))))))))))))))))))))))).((((((((((((((&))))))))))))))((((((((((&((((((((((((((((((((((((&.(((((((((((((((((((((((&)))))))))))))))))))))))(&)(((((((((((((((((((((((&)))))))))))))))))))))))(&)(((((((((((((((((((((((&)))))))))))))))))))))))(&)..))))))))))))))))))))))))))))))))))..,False,"{'GC': 120, 'AU': 24, 'GU': 0, 'Other': 0}","{'GC': 120, 'AU': 24, 'GU': 0, 'Other': 0}",True,0
38,2,3,11,"CCGCCGCCGCCGCCGCCGCCGCCG,UAGUAGUAGUAGUAGUAGUAGUAGUAGUAG,CUGCUGCUGCUGCUGCUGCUGCUG,CAGCAGCAGCAGCAGCAGCAGCAGCAGCAGCAGCAGCAG,CCGCCGCCGCCGCCGCCGCCG,CCGCCGCCGCCGCCGCCG,CAGCAGCAGCAGCAGCAGCAGCAGCAGCAGCAGCAG,CGGCGGCGGCGGCGGCGGCGGCGG",4 3 3 3 8 1 8 1 8 1 4,CAGCAGCAGCAGCAGCAGCAGCAGCAGCAGCAGCAGCAG&CUGCUGCUGCUGCUGCUGCUGCUG&CUGCUGCUGCUGCUGCUGCUGCUG&CUGCUGCUGCUGCUGCUGCUGCUG&CGGCGGCGGCGGCGGCGGCGGCGG&CCGCCGCCGCCGCCGCCGCCGCCG&CGGCGGCGGCGGCGGCGGCGGCGG&CCGCCGCCGCCGCCGCCGCCGCCG&CGGCGGCGGCGGCGGCGGCGGCGG&CCGCCGCCGCCGCCGCCGCCGCCG&CAGCAGCAGCAGCAGCAGCAGCAGCAGCAGCAGCAGCAG,-329.6,-329.6,0.0,False,241.5227394104004,0.0460522174835205,..(((((((((((((((((((((((((((((((((((((&))))))))))))))))))))))))&)))))))))))))(((((((((((&((((((((((((((((((((((((&.(((((((((((((((((((((((&)))))))))))))))))))))))(&)(((((((((((((((((((((((&)))))))))))))))))))))))(&)(((((((((((((((((((((((&)))))))))))))))))))))))(&)..))))))))))))))))))))))))))))))))))).,.((((((((((((((((((((((((((((((((((((((&))))))))))))))))))))))))&))))))))))))))((((((((((&((((((((((((((((((((((((&.(((((((((((((((((((((((&)))))))))))))))))))))))(&)(((((((((((((((((((((((&)))))))))))))))))))))))(&)(((((((((((((((((((((((&)))))))))))))))))))))))(&)..))))))))))))))))))))))))))))))))))..,False,"{'GC': 120, 'AU': 24, 'GU': 0, 'Other': 0}","{'GC': 120, 'AU': 24, 'GU': 0, 'Other': 0}",True,0
38,3,3,11,"CCGCCGCCGCCGCCGCCGCCGCCG,UAGUAGUAGUAGUAGUAGUAGUAGUAGUAG,CUGCUGCUGCUGCUGCUGCUGCUG,CAGCAGCAGCAGCAGCAGCAGCAGCAGCAGCAGCAGCAG,CCGCCGCCGCCGCCGCCGCCG,CCGCCGCCGCCGCCGCCG,CAGCAGCAGCAGCAGCAGCAGCAGCAGCAGCAGCAG,CGGCGGCGGCGGCGGCGGCGGCGG",8 1 4 3 3 3 8 1 8 1 4,CGGCGGCGGCGGCGGCGGCGGCGG&CCGCCGCCGCCGCCGCCGCCGCCG&CAGCAGCAGCAGCAGCAGCAGCAGCAGCAGCAGCAGCAG&CUGCUGCUGCUGCUGCUGCUGCUG&CUGCUGCUGCUGCUGCUGCUGCUG&CUGCUGCUGCUGCUGCUGCUGCUG&CGGCGGCGGCGGCGGCGGCGGCGG&CCGCCGCCGCCGCCGCCGCCGCCG&CGGCGGCGGCGGCGGCGGCGGCGG&CCGCCGCCGCCGCCGCCGCCGCCG&CAGCAGCAGCAGCAGCAGCAGCAGCAGCAGCAGCAGCAG,-329.6,-329.6,0.0,False,241.5227394104004,0.0429840087890625,.(((((((((((((((((((((((&)))))))))))))))))))))))(&).(((((((((((((((((((((((((((((((((((((&))))))))))))))))))))))))&)))))))))))))(((((((((((&((((((((((((((((((((((((&.(((((((((((((((((((((((&)))))))))))))))))))))))(&)(((((((((((((((((((((((&)))))))))))))))))))))))(&)..))))))))))))))))))))))))))))))))))).,.(((((((((((((((((((((((&)))))))))))))))))))))))(&)((((((((((((((((((((((((((((((((((((((&))))))))))))))))))))))))&))))))))))))))((((((((((&((((((((((((((((((((((((&.(((((((((((((((((((((((&)))))))))))))))))))))))(&)(((((((((((((((((((((((&)))))))))))))))))))))))(&)..))))))))))))))))))))))))))))))))))..,False,"{'GC': 120, 'AU': 24, 'GU': 0, 'Other': 0}","{'GC': 120, 'AU': 24, 'GU': 0, 'Other': 0}",True,0
39,1,2,11,"CUGCUGCUGCUGCUGCUGCUG,GAUGAUGAUGAUGAUGAUGAUGAU,GAUGAUGAUGAUGAUGAU,CAGCAGCAGCAGCAGCAGCAG,CUGCUGCUGCUGCUGCUGCUGCUG,UAGUAGUAGUAGUAGUAG,CAGCAGCAGCAGCAGCAGCAGCAG,CGGCGGCGGCGGCGGCGGCGGCGGCGGCGG,GAUGAUGAUGAUGAUGAU,CGGCGGCGGCGGCGGCGGCGGCGGCGGCGGCGGCGGCGG,CAGCAGCAGCAGCAGCAG",5 10 5 10 5 10 5 10 5 5 10,CUGCUGCUGCUGCUGCUGCUGCUG&CGGCGGCGGCGGCGGCGGCGGCGGCGGCGGCGGCGGCGG&CUGCUGCUGCUGCUGCUGCUGCUG&CGGCGGCGGCGGCGGCGGCGGCGGCGGCGGCGGCGGCGG&CUGCUGCUGCUGCUGCUGCUGCUG&CGGCGGCGGCGGCGGCGGCGGCGGCGGCGGCGGCGGCGG&CUGCUGCUGCUGCUGCUGCUGCUG&CGGCGGCGGCGGCGGCGGCGGCGGCGGCGGCGGCGGCGG&CUGCUGCUGCUGCUGCUGCUGCUG&CUGCUGCUGCUGCUGCUGCUGCUG&CGGCGGCGGCGGCGGCGGCGGCGGCGGCGGCGGCGGCGG,-299.4,-299.4,0.0,False,392.05425214767456,0.0665757656097412,.(((((((((((((((((((((((&)))))))))))))))))))))))((.((.((((((((((&))))))))((((((((((((((((&))))))))))))))))(((((((((((((((((((((((&))))))))))))))))))))))).&((.((((.((.((.(((((((((((((((((((((((((&))))))))))))))))))))))).&..)).)).)).))..((((((((((((((((((((((((&))))))))))))))))))))))))&((((((((((((((((((((((((&)))))))))))))))))))))))))).)))).)).))..,((((((((((((((((((((((((&))))))))))))))))))))))))((.((((.((.((..&.(((((((((((((((((((((((&))))))))))))))))))))))))).)).))((((((((&))))))))((((((((((((((((&))))))))))))))))(((((((((((((((((((((((&))))))))))))))))))))))).&)).))((.((.((.(((((((((((((((((((((((((&))))))))))))))))))))))).&((((((((((((((((((((((((&))))))))))))))))))))))))..)).)).)).))..,False,"{'GC': 111, 'AU': 0, 'GU': 48, 'Other': 0}","{'GC': 111, 'AU': 0, 'GU': 48, 'Other': 0}",True,0
40,1,1,11,"CAGCAGCAGCAGCAGCAGCAGCAGCAGCAGCAGCAGCAGCAG,GAUGAUGAUGAUGAUGAUGAUGAUGAUGAUGAUGAUGAU,CGGCGGCGGCGGCGGCGGCGGCGGCGGCGGCGGCGG,GAUGAUGAUGAUGAUGAUGAUGAUGAUGAUGAUGAUGAU,UAGUAGUAGUAGUAGUAGUAGUAGUAGUAGUAG",3 3 3 3 3 3 3 3 3 3 1,CGGCGGCGGCGGCGGCGGCGGCGGCGGCGGCGGCGG&CGGCGGCGGCGGCGGCGGCGGCGGCGGCGGCGGCGG&CGGCGGCGGCGGCGGCGGCGGCGGCGGCGGCGGCGG&CGGCGGCGGCGGCGGCGGCGGCGGCGGCGGCGGCGG&CGGCGGCGGCGGCGGCGGCGGCGGCGGCGGCGGCGG&CGGCGGCGGCGGCGGCGGCGGCGGCGGCGGCGGCGG&CGGCGGCGGCGGCGGCGGCGGCGGCGGCGGCGGCGG&CGGCGGCGGCGGCGGCGGCGGCGGCGGCGGCGGCGG&CGGCGGCGGCGGCGGCGGCGGCGGCGGCGGCGGCGG&CGGCGGCGGCGGCGGCGGCGGCGGCGGCGGCGGCGG&CAGCAGCAGCAGCAGCAGCAGCAGCAGCAGCAGCAGCAGCAG,-240.2,-240.2,0.0,False,160.51743006706238,0.0833897590637207,((((.((.((.((.((.((.((.((.((.((.((.(&).)).)).)).)).)).)).)).)).)).)).))..&))((.((.((.((.((.((.((.((.((.((.((..&((((.((.((.((.((.((.((.((.((.((.((..&((((.((.((.((.((.((.((.((.((.((.((..&((((.((.((.((.((.((.((.((.((.((.((.(&).)).)).)).)).)).)).)).)).)).)).))..&)))).)).)).)).)).)).)).)).)).)).))..&)))).)).)).)).)).)).)).)).)).)).))..&)))).)).)).)).)).)).)).)).)).)).)).(&).((.((.((.((.((.((....)).)).)).)).)).))..,((((.((.((.((.((.((.((.((.((.((.((..&((((.((.((.((.((.((.((.((.((.((.((..&((((.((.((.((.((.((.((.((.((.((.((..&((((.((.((.((.((.((.((.((.((.((.((.(&).)).)).)).)).)).)).)).)).)).)).))..&)))).)).)).)).)).)).)).)).)).)).))..&)))).)).)).)).)).)).)).)).)).)).))..&)))).)).)).)).)).)).)).)).)).)).))..&))((.((.((.((.((.((.((.((.((.((.((.(&).)).)).)).)).)).)).)).)).)).)).)).(&).((.((.((.((.((.((....)).)).)).)).)).))..,False,"{'GC': 133, 'AU': 0, 'GU': 0, 'Other': 0}","{'GC': 133, 'AU': 0, 'GU': 0, 'Other': 0}",True,0
41,1,2,11,"UAGUAGUAGUAGUAGUAGUAGUAGUAGUAGUAGUAG,CCGCCGCCGCCGCCGCCGCCGCCGCCGCCGCCGCCGCCGCCGCCG,UAGUAGUAGUAGUAGUAGUAGUAGUAGUAGUAGUAGUAG,UAGUAGUAGUAGUAGUAGUAGUAGUAGUAGUAGUAGUAGUAG,UAGUAGUAGUAGUAGUAGUAGUAGUAGUAGUAG,CGGCGGCGGCGGCGGCGGCGGCGGCGGCGGCGGCGGCGGCGGCGGCGGCGGCGGCGG,CCGCCGCCGCCGCCGCCGCCGCCGCCGCCGCCGCCGCCGCCGCCGCCGCCGCCG,CGGCGGCGGCGGCGGCGGCGGCGGCGGCGGCGGCGGCGGCGGCGGCGGCGGCGGCGG",7 7 6 7 6 7 6 7 6 7 6,CCGCCGCCGCCGCCGCCGCCGCCGCCGCCGCCGCCGCCGCCGCCGCCGCCGCCG&CCGCCGCCGCCGCCGCCGCCGCCGCCGCCGCCGCCGCCGCCGCCGCCGCCGCCG&CGGCGGCGGCGGCGGCGGCGGCGGCGGCGGCGGCGGCGGCGGCGGCGGCGGCGGCGG&CCGCCGCCGCCGCCGCCGCCGCCGCCGCCGCCGCCGCCGCCGCCGCCGCCGCCG&CGGCGGCGGCGGCGGCGGCGGCGGCGGCGGCGGCGGCGGCGGCGGCGGCGGCGGCGG&CCGCCGCCGCCGCCGCCGCCGCCGCCGCCGCCGCCGCCGCCGCCGCCGCCGCCG&CGGCGGCGGCGGCGGCGGCGGCGGCGGCGGCGGCGGCGGCGGCGGCGGCGGCGGCGG&CCGCCGCCGCCGCCGCCGCCGCCGCCGCCGCCGCCGCCGCCGCCGCCGCCGCCG&CGGCGGCGGCGGCGGCGGCGGCGGCGGCGGCGGCGGCGGCGGCGGCGGCGGCGGCGG&CCGCCGCCGCCGCCGCCGCCGCCGCCGCCGCCGCCGCCGCCGCCGCCGCCGCCG&CGGCGGCGGCGGCGGCGGCGGCGGCGGCGGCGGCGGCGGCGGCGGCGGCGGCGGCGG,-813.0,-813.0,0.0,False,1155.5734033584597,0.258453369140625,(((((((((((((((((((((((((((((((((((((.((.((.((.((.((..&..)).)).)).)).)).)).((((((((((((((((((((((((((((((((((&))))))))))))))))))))))))))))))))))(((((((((((((((((((((((&)))))))))))))))))))))))(((((((((((((((((((((((((((((((&)))))))))))))))))))))))))))))))((((((((((((((((((((((((((&))))))))))))))))))))))))))((((((((((((((((((((((((((((&))))))))))))))))))))))))))))(((((((((((((((((((((((((((((&)))))))))))))))))))))))))))))(((((((((((((((((((((((((&)))))))))))))))))))))))))((((((((((((((((((((((((((((((((&))))))))))))))))))))))))))))))))......................&......................))))))))))))))))))))))))))))))))))),(((((((((((((((((((((((((((((((((((((.((.((.((.((.((..&..)).)).)).)).)).)).((((((((((((((((((((((((((((((((((&))))))))))))))))))))))))))))))))))(((((((((((((((((((((((&)))))))))))))))))))))))(((((((((((((((((((((((((((((((&)))))))))))))))))))))))))))))))((((((((((((((((((((((((((&))))))))))))))))))))))))))((((((((((((((((((((((((((((&))))))))))))))))))))))))))))(((((((((((((((((((((((((((((&)))))))))))))))))))))))))))))(((((((((((((((((((((((((&)))))))))))))))))))))))))((((((((((((((((((((((((((((((((&))))))))))))))))))))))))))))))))((((((((((((((((((((((&))))))))))))))))))))))))))))))))))))))))))))))))))))))))),False,"{'GC': 275, 'AU': 0, 'GU': 0, 'Other': 0}","{'GC': 297, 'AU': 0, 'GU': 0, 'Other': 0}",False,22
41,2,2,11,"UAGUAGUAGUAGUAGUAGUAGUAGUAGUAGUAGUAG,CCGCCGCCGCCGCCGCCGCCGCCGCCGCCGCCGCCGCCGCCGCCG,UAGUAGUAGUAGUAGUAGUAGUAGUAGUAGUAGUAGUAG,UAGUAGUAGUAGUAGUAGUAGUAGUAGUAGUAGUAGUAGUAG,UAGUAGUAGUAGUAGUAGUAGUAGUAGUAGUAG,CGGCGGCGGCGGCGGCGGCGGCGGCGGCGGCGGCGGCGGCGGCGGCGGCGGCGGCGG,CCGCCGCCGCCGCCGCCGCCGCCGCCGCCGCCGCCGCCGCCGCCGCCGCCGCCG,CGGCGGCGGCGGCGGCGGCGGCGGCGGCGGCGGCGGCGGCGGCGGCGGCGGCGGCGG",7 7 6 7 6 7 6 7 6 7 8,CCGCCGCCGCCGCCGCCGCCGCCGCCGCCGCCGCCGCCGCCGCCGCCGCCGCCG&CCGCCGCCGCCGCCGCCGCCGCCGCCGCCGCCGCCGCCGCCGCCGCCGCCGCCG&CGGCGGCGGCGGCGGCGGCGGCGGCGGCGGCGGCGGCGGCGGCGGCGGCGGCGGCGG&CCGCCGCCGCCGCCGCCGCCGCCGCCGCCGCCGCCGCCGCCGCCGCCGCCGCCG&CGGCGGCGGCGGCGGCGGCGGCGGCGGCGGCGGCGGCGGCGGCGGCGGCGGCGGCGG&CCGCCGCCGCCGCCGCCGCCGCCGCCGCCGCCGCCGCCGCCGCCGCCGCCGCCG&CGGCGGCGGCGGCGGCGGCGGCGGCGGCGGCGGCGGCGGCGGCGGCGGCGGCGGCGG&CCGCCGCCGCCGCCGCCGCCGCCGCCGCCGCCGCCGCCGCCGCCGCCGCCGCCG&CGGCGGCGGCGGCGGCGGCGGCGGCGGCGGCGGCGGCGGCGGCGGCGGCGGCGGCGG&CCGCCGCCGCCGCCGCCGCCGCCGCCGCCGCCGCCGCCGCCGCCGCCGCCGCCG&CGGCGGCGGCGGCGGCGGCGGCGGCGGCGGCGGCGGCGGCGGCGGCGGCGGCGGCGG,-813.0,-813.0,0.0,False,1155.5734033584597,0.2604458332061767,(((((((((((((((((((((((((((((((((((((.((.((.((.((.((..&..)).)).)).)).)).)).((((((((((((((((((((((((((((((((((&))))))))))))))))))))))))))))))))))(((((((((((((((((((((((&)))))))))))))))))))))))(((((((((((((((((((((((((((((((&)))))))))))))))))))))))))))))))((((((((((((((((((((((((((&))))))))))))))))))))))))))((((((((((((((((((((((((((((&))))))))))))))))))))))))))))(((((((((((((((((((((((((((((&)))))))))))))))))))))))))))))(((((((((((((((((((((((((&)))))))))))))))))))))))))((((((((((((((((((((((((((((((((&))))))))))))))))))))))))))))))))......................&......................))))))))))))))))))))))))))))))))))),(((((((((((((((((((((((((((((((((((((.((.((.((.((.((..&..)).)).)).)).)).)).((((((((((((((((((((((((((((((((((&))))))))))))))))))))))))))))))))))(((((((((((((((((((((((&)))))))))))))))))))))))(((((((((((((((((((((((((((((((&)))))))))))))))))))))))))))))))((((((((((((((((((((((((((&))))))))))))))))))))))))))((((((((((((((((((((((((((((&))))))))))))))))))))))))))))(((((((((((((((((((((((((((((&)))))))))))))))))))))))))))))(((((((((((((((((((((((((&)))))))))))))))))))))))))((((((((((((((((((((((((((((((((&))))))))))))))))))))))))))))))))((((((((((((((((((((((&))))))))))))))))))))))))))))))))))))))))))))))))))))))))),False,"{'GC': 275, 'AU': 0, 'GU': 0, 'Other': 0}","{'GC': 297, 'AU': 0, 'GU': 0, 'Other': 0}",False,22
42,1,2,11,"UAGUAGUAGUAGUAGUAGUAGUAGUAGUAGUAG,CUGCUGCUGCUGCUGCUGCUGCUGCUGCUGCUGCUGCUGCUGCUGCUG,UAGUAGUAGUAGUAGUAGUAGUAGUAGUAGUAGUAGUAGUAGUAGUAGUAG,CUGCUGCUGCUGCUGCUGCUGCUGCUGCUGCUGCUGCUG,UAGUAGUAGUAGUAGUAGUAGUAGUAGUAG,GAUGAUGAUGAUGAUGAUGAUGAUGAUGAU,CGGCGGCGGCGGCGGCGGCGGCGGCGGCGGCGGCGGCGGCGGCGG,GAUGAUGAUGAUGAUGAUGAUGAUGAUGAUGAUGAUGAUGAUGAUGAUGAUGAU,CUGCUGCUGCUGCUGCUGCUGCUGCUGCUGCUGCUGCUG,UAGUAGUAGUAGUAGUAGUAGUAGUAGUAGUAGUAG,CUGCUGCUGCUGCUGCUGCUGCUGCUGCUGCUGCUGCUGCUGCUGCUGCUGCUGCUG",7 11 7 11 7 11 7 11 7 11,CGGCGGCGGCGGCGGCGGCGGCGGCGGCGGCGGCGGCGGCGGCGG&CUGCUGCUGCUGCUGCUGCUGCUGCUGCUGCUGCUGCUGCUGCUGCUGCUGCUGCUG&CGGCGGCGGCGGCGGCGGCGGCGGCGGCGGCGGCGGCGGCGGCGG&CUGCUGCUGCUGCUGCUGCUGCUGCUGCUGCUGCUGCUGCUGCUGCUGCUGCUGCUG&CGGCGGCGGCGGCGGCGGCGGCGGCGGCGGCGGCGGCGGCGGCGG&CUGCUGCUGCUGCUGCUGCUGCUGCUGCUGCUGCUGCUGCUGCUGCUGCUGCUGCUG&CGGCGGCGGCGGCGGCGGCGGCGGCGGCGGCGGCGGCGGCGGCGG&CUGCUGCUGCUGCUGCUGCUGCUGCUGCUGCUGCUGCUGCUGCUGCUGCUGCUGCUG&CGGCGGCGGCGGCGGCGGCGGCGGCGGCGGCGGCGGCGGCGGCGG&CUGCUGCUGCUGCUGCUGCUGCUGCUGCUGCUGCUGCUGCUGCUGCUGCUGCUGCUG,-557.2,-485.4,-71.80000000000007,False,2464.088657617569,0.1778132915496826,(((((((((((((((((((((((((((((((((((((((((((((&)))))))))))))))))))))))))))))))))))))))))))))........((((&))))(((((((((((((((((((((((((((((((((((((((((&)))))))))))))))))))))))))))))))))))))))))((((((((((((((((&))))))))))))))))(((((((((((((((((((((((((((((&)))))))))))))))))))))))))))))((((((((((((((((((((((((((((&))))))))))))))))))))))))))))(((((((((((((((((&)))))))))))))))))((((((((((((((((((((((((((((((((((((((((&)))))))))))))))))))))))))))))))))))))))).....&.........................................................,(((((((((((((((((((((((((((((((((((((((((((((&)))))))))))))))))))))))))))))))))))))))))))))..((.((.((..&.((((((((((((((((((((((((((((((((((((((((((((&)))))))))))))))))))))))))))))))))))))))))))))).)).)).((..&(((((((((((((((((((((((((((((((((((((((((((((&)))))))))))))))))))))))))))))))))))))))))))))..)).((.((..&.((((((((((((((((((((((((((((((((((((((((((((&)))))))))))))))))))))))))))))))))))))))))))))).)).((.((..&(((((((((((((((((((((((((((((((((((((((((((((&)))))))))))))))))))))))))))))))))))))))))))))..)).)).....,False,"{'GC': 147, 'AU': 0, 'GU': 73, 'Other': 0}","{'GC': 164, 'AU': 0, 'GU': 75, 'Other': 0}",False,19
42,2,2,11,"UAGUAGUAGUAGUAGUAGUAGUAGUAGUAGUAG,CUGCUGCUGCUGCUGCUGCUGCUGCUGCUGCUGCUGCUGCUGCUGCUG,UAGUAGUAGUAGUAGUAGUAGUAGUAGUAGUAGUAGUAGUAGUAGUAGUAG,CUGCUGCUGCUGCUGCUGCUGCUGCUGCUGCUGCUGCUG,UAGUAGUAGUAGUAGUAGUAGUAGUAGUAG,GAUGAUGAUGAUGAUGAUGAUGAUGAUGAU,CGGCGGCGGCGGCGGCGGCGGCGGCGGCGGCGGCGGCGGCGGCGG,GAUGAUGAUGAUGAUGAUGAUGAUGAUGAUGAUGAUGAUGAUGAUGAUGAUGAU,CUGCUGCUGCUGCUGCUGCUGCUGCUGCUGCUGCUGCUG,UAGUAGUAGUAGUAGUAGUAGUAGUAGUAGUAGUAG,CUGCUGCUGCUGCUGCUGCUGCUGCUGCUGCUGCUGCUGCUGCUGCUGCUGCUGCUG",11 7 7 11 7 11 7 11 7 11,CUGCUGCUGCUGCUGCUGCUGCUGCUGCUGCUGCUGCUGCUGCUGCUGCUGCUGCUG&CGGCGGCGGCGGCGGCGGCGGCGGCGGCGGCGGCGGCGGCGGCGG&CGGCGGCGGCGGCGGCGGCGGCGGCGGCGGCGGCGGCGGCGGCGG&CUGCUGCUGCUGCUGCUGCUGCUGCUGCUGCUGCUGCUGCUGCUGCUGCUGCUGCUG&CGGCGGCGGCGGCGGCGGCGGCGGCGGCGGCGGCGGCGGCGGCGG&CUGCUGCUGCUGCUGCUGCUGCUGCUGCUGCUGCUGCUGCUGCUGCUGCUGCUGCUG&CGGCGGCGGCGGCGGCGGCGGCGGCGGCGGCGGCGGCGGCGGCGG&CUGCUGCUGCUGCUGCUGCUGCUGCUGCUGCUGCUGCUGCUGCUGCUGCUGCUGCUG&CGGCGGCGGCGGCGGCGGCGGCGGCGGCGGCGGCGGCGGCGGCGG&CUGCUGCUGCUGCUGCUGCUGCUGCUGCUGCUGCUGCUGCUGCUGCUGCUGCUGCUG,-557.2,-485.4,-71.80000000000007,False,2464.088657617569,0.1785421371459961,........(((((((((((((((((((((((((((((((((((((((((((((((((&)))))))))))))))))))))))))))))))))))))))))))))&))))(((((((((((((((((((((((((((((((((((((((((&)))))))))))))))))))))))))))))))))))))))))((((((((((((((((&))))))))))))))))(((((((((((((((((((((((((((((&)))))))))))))))))))))))))))))((((((((((((((((((((((((((((&))))))))))))))))))))))))))))(((((((((((((((((&)))))))))))))))))((((((((((((((((((((((((((((((((((((((((&)))))))))))))))))))))))))))))))))))))))).....&.........................................................,..((.((.((..(((((((((((((((((((((((((((((((((((((((((((((&)))))))))))))))))))))))))))))))))))))))))))))&.((((((((((((((((((((((((((((((((((((((((((((&)))))))))))))))))))))))))))))))))))))))))))))).)).)).((..&(((((((((((((((((((((((((((((((((((((((((((((&)))))))))))))))))))))))))))))))))))))))))))))..)).((.((..&.((((((((((((((((((((((((((((((((((((((((((((&)))))))))))))))))))))))))))))))))))))))))))))).)).((.((..&(((((((((((((((((((((((((((((((((((((((((((((&)))))))))))))))))))))))))))))))))))))))))))))..)).)).....,False,"{'GC': 147, 'AU': 0, 'GU': 73, 'Other': 0}","{'GC': 164, 'AU': 0, 'GU': 75, 'Other': 0}",False,19
